epoch,pair_index,global_step,phase,ce_loss,total_loss,grad_norm_wug,grad_norm_wugs,step_wug,step_wugs,norm_wug,norm_wugs,separation_l2,cosine
1,0,1,singular,11.480744361877441,11.480744361877441,160.0,1.3597309589385986e-07,0.031982421875,0.004241943359375,1.453125,1.453125,1.9453125,0.1005859375
1,0,2,plural,15.849719047546387,15.849719047546387,1.984375,164.0,0.00396728515625,0.044189453125,1.453125,1.453125,1.9453125,0.10107421875
1,1,3,singular,15.740283012390137,15.740283012390137,144.0,1.6552803572267294e-10,0.0400390625,0.0,1.453125,1.453125,1.9453125,0.1005859375
1,1,4,plural,15.021493911743164,15.021493911743164,17.125,155.0,0.01055908203125,0.046142578125,1.453125,1.453125,1.9453125,0.10205078125
1,2,5,singular,2.8993258476257324,2.8993258476257324,147.0,0.00286865234375,0.0400390625,0.0,1.453125,1.453125,1.9453125,0.10400390625
1,2,6,plural,15.134969711303711,15.134969711303711,0.00010156631469726562,158.0,0.0,0.04541015625,1.453125,1.453125,1.9453125,0.10400390625
1,3,7,singular,7.488990783691406,7.488990783691406,164.0,0.003143310546875,0.037109375,0.0,1.453125,1.453125,1.9453125,0.1044921875
1,3,8,plural,13.582489013671875,13.582489013671875,4.6875,149.0,0.00140380859375,0.03857421875,1.453125,1.453125,1.9453125,0.10498046875
1,4,9,singular,7.8104472160339355,7.8104472160339355,154.0,6.377696990966797e-06,0.043701171875,0.0,1.4609375,1.453125,1.9453125,0.1064453125
1,4,10,plural,13.01712703704834,13.01712703704834,11.125,146.0,0.0036163330078125,0.038818359375,1.4609375,1.453125,1.9453125,0.10791015625
1,5,11,singular,0.02882866933941841,0.02882866933941841,4.40625,0.00173187255859375,0.0012054443359375,0.0,1.4609375,1.453125,1.9453125,0.10791015625
1,5,12,plural,5.632842063903809,5.632842063903809,68.0,164.0,0.018310546875,0.03515625,1.453125,1.4609375,1.9453125,0.10791015625
1,6,13,singular,5.859507083892822,5.859507083892822,158.0,8.678436279296875e-05,0.039306640625,0.0,1.4609375,1.4609375,1.9453125,0.107421875
1,6,14,plural,10.640552520751953,10.640552520751953,153.0,155.0,0.04345703125,0.04541015625,1.453125,1.4609375,1.9453125,0.10791015625
1,7,15,singular,0.9337426424026489,0.9337426424026489,99.0,0.71484375,0.018310546875,5.1975250244140625e-05,1.453125,1.4609375,1.9453125,0.1083984375
1,7,16,plural,3.5828592777252197,3.5828592777252197,112.0,151.0,0.03173828125,0.041748046875,1.453125,1.46875,1.953125,0.107421875
1,8,17,singular,3.8216328620910645,3.8216328620910645,152.0,127.5,0.039306640625,0.03369140625,1.4609375,1.4609375,1.953125,0.10888671875
1,8,18,plural,4.2210259437561035,4.2210259437561035,2.34375,157.0,0.00064849853515625,0.04345703125,1.4609375,1.46875,1.953125,0.109375
1,9,19,singular,3.788072109222412,3.788072109222412,140.0,0.0096435546875,0.0400390625,5.960464477539063e-08,1.4609375,1.46875,1.953125,0.1103515625
1,9,20,plural,3.026505708694458,3.026505708694458,103.5,148.0,0.023193359375,0.0299072265625,1.4609375,1.46875,1.953125,0.10986328125
1,10,21,singular,1.2155568599700928,1.2155568599700928,110.0,0.00885009765625,0.025390625,5.960464477539063e-08,1.4609375,1.46875,1.953125,0.11083984375
1,10,22,plural,1.2570257186889648,1.2570257186889648,16.375,112.0,0.005035400390625,0.0289306640625,1.4609375,1.4765625,1.953125,0.1103515625
1,11,23,singular,0.5319082736968994,0.5319082736968994,64.0,0.02685546875,0.0220947265625,0.0,1.4609375,1.4765625,1.9609375,0.111328125
1,11,24,plural,2.286184787750244,2.286184787750244,25.625,156.0,0.00567626953125,0.02880859375,1.4609375,1.4765625,1.9609375,0.111328125
1,12,25,singular,4.807579517364502,4.807579517364502,166.0,0.0771484375,0.047607421875,5.543231964111328e-06,1.46875,1.4765625,1.9609375,0.11279296875
1,12,26,plural,2.620899200439453,2.620899200439453,100.5,135.0,0.0306396484375,0.0400390625,1.4609375,1.4765625,1.9609375,0.11279296875
1,13,27,singular,0.9963921308517456,0.9963921308517456,90.0,1.8046875,0.026611328125,0.0003871917724609375,1.46875,1.4765625,1.9609375,0.1142578125
1,13,28,plural,3.675992727279663,3.675992727279663,1.234375,166.0,0.00018596649169921875,0.042236328125,1.46875,1.484375,1.9609375,0.1142578125
1,14,29,singular,1.0669360160827637,1.0669360160827637,94.0,4.59375,0.034912109375,0.0020904541015625,1.46875,1.484375,1.9609375,0.1162109375
1,14,30,plural,5.276634693145752,5.276634693145752,19.75,169.0,0.00823974609375,0.0478515625,1.46875,1.4921875,1.96875,0.1171875
2,0,31,singular,0.12134195119142532,0.12134195119142532,17.5,0.296875,0.00823974609375,3.886222839355469e-05,1.46875,1.4921875,1.96875,0.11767578125
2,0,32,plural,0.01906312070786953,0.01906312070786953,2.609375,3.109375,0.000545501708984375,0.00058746337890625,1.46875,1.4921875,1.96875,0.11767578125
2,1,33,singular,0.3446316719055176,0.3446316719055176,46.5,0.2470703125,0.0169677734375,2.944469451904297e-05,1.46875,1.4921875,1.96875,0.1181640625
2,1,34,plural,0.8264355659484863,0.8264355659484863,87.5,87.5,0.03466796875,0.033203125,1.46875,1.4921875,1.96875,0.11669921875
2,2,35,singular,0.14781233668327332,0.14781233668327332,19.625,0.4453125,0.0087890625,7.2479248046875e-05,1.46875,1.4921875,1.96875,0.1171875
2,2,36,plural,0.016193879768252373,0.016193879768252373,4.220008850097656e-05,2.546875,0.0,0.00116729736328125,1.46875,1.4921875,1.96875,0.11669921875
2,3,37,singular,6.002519130706787,6.002519130706787,155.0,155.0,0.05322265625,0.051513671875,1.4765625,1.484375,1.96875,0.11865234375
2,3,38,plural,1.2249317169189453,1.2249317169189453,80.5,103.5,0.0311279296875,0.03564453125,1.4765625,1.4921875,1.96875,0.11767578125
2,4,39,singular,0.001783448620699346,0.001783448620699346,0.27734375,0.00701904296875,4.029273986816406e-05,1.1920928955078125e-07,1.4765625,1.4921875,1.96875,0.11767578125
2,4,40,plural,0.024497881531715393,0.024497881531715393,1.46875,4.1875,0.00017833709716796875,0.00072479248046875,1.4765625,1.4921875,1.96875,0.11767578125
2,5,41,singular,0.1004352942109108,0.1004352942109108,14.875,14.8125,0.006591796875,0.006317138671875,1.4765625,1.484375,1.96875,0.1181640625
2,5,42,plural,3.288189172744751,3.288189172744751,149.0,149.0,0.05126953125,0.04931640625,1.46875,1.5,1.96875,0.11572265625
2,6,43,singular,1.7738922834396362,1.7738922834396362,137.0,125.0,0.04296875,0.038818359375,1.46875,1.4921875,1.9765625,0.11572265625
2,6,44,plural,0.0014340127818286419,0.0014340127818286419,0.181640625,0.22265625,1.1742115020751953e-05,1.239776611328125e-05,1.46875,1.4921875,1.9765625,0.11572265625
2,7,45,singular,0.06103730946779251,0.06103730946779251,9.5,0.03466796875,0.00421142578125,2.428889274597168e-06,1.46875,1.4921875,1.9765625,0.11572265625
2,7,46,plural,0.04753706976771355,0.04753706976771355,6.875,7.59375,0.0025634765625,0.0025177001953125,1.46875,1.4921875,1.9765625,0.11572265625
2,8,47,singular,0.04483716934919357,0.04483716934919357,6.28125,1.515625,0.0029754638671875,0.00048065185546875,1.46875,1.4921875,1.9765625,0.11572265625
2,8,48,plural,0.0007707485929131508,0.0007707485929131508,0.0673828125,0.12060546875,4.023313522338867e-06,9.298324584960938e-06,1.46875,1.4921875,1.9765625,0.11572265625
2,9,49,singular,3.773362159729004,3.773362159729004,152.0,152.0,0.05419921875,0.05322265625,1.4765625,1.484375,1.96875,0.1171875
2,9,50,plural,0.0003570872650016099,0.0003570872650016099,0.0223388671875,0.056884765625,4.5262277126312256e-07,3.7848949432373047e-06,1.4765625,1.484375,1.96875,0.1171875
2,10,51,singular,0.005199481267482042,0.005199481267482042,0.80859375,0.0037841796875,0.000171661376953125,0.0,1.4765625,1.484375,1.96875,0.1171875
2,10,52,plural,0.13859568536281586,0.13859568536281586,17.125,18.875,0.010009765625,0.0103759765625,1.4765625,1.484375,1.96875,0.11669921875
2,11,53,singular,0.0027331875171512365,0.0027331875171512365,0.447265625,0.24609375,2.9921531677246094e-05,1.5616416931152344e-05,1.4765625,1.484375,1.96875,0.11669921875
2,11,54,plural,1.827357530593872,1.827357530593872,45.0,143.0,0.0274658203125,0.05419921875,1.4765625,1.4921875,1.9765625,0.1162109375
2,12,55,singular,2.398113965988159,2.398113965988159,131.0,0.005645751953125,0.058349609375,0.0,1.484375,1.4921875,1.9765625,0.1181640625
2,12,56,plural,0.031736310571432114,0.031736310571432114,0.248046875,5.3125,2.7060508728027344e-05,0.0023651123046875,1.484375,1.4921875,1.9765625,0.1181640625
2,13,57,singular,0.000904032145626843,0.000904032145626843,0.1298828125,0.0177001953125,1.2278556823730469e-05,4.76837158203125e-07,1.484375,1.4921875,1.9765625,0.1181640625
2,13,58,plural,0.10744493454694748,0.10744493454694748,14.125,15.1875,0.00762939453125,0.00921630859375,1.484375,1.4921875,1.9765625,0.11767578125
2,14,59,singular,0.011930067092180252,0.011930067092180252,1.9765625,0.055419921875,0.000957489013671875,5.066394805908203e-06,1.484375,1.4921875,1.9765625,0.11767578125
2,14,60,plural,4.511068344116211,4.511068344116211,154.0,154.0,0.05810546875,0.059814453125,1.4765625,1.5078125,1.984375,0.11572265625
3,0,61,singular,0.0024468740448355675,0.0024468740448355675,0.37890625,0.10986328125,0.00010347366333007812,8.761882781982422e-06,1.4765625,1.5078125,1.984375,0.11572265625
3,0,62,plural,8.296622399939224e-05,8.296622399939224e-05,0.01025390625,0.01287841796875,2.0675361156463623e-07,0.0,1.4765625,1.5078125,1.984375,0.11572265625
3,1,63,singular,0.014929116703569889,0.014929116703569889,2.28125,0.69921875,0.00159454345703125,0.0004138946533203125,1.4765625,1.5078125,1.984375,0.11572265625
3,1,64,plural,0.00350610981695354,0.00350610981695354,0.2294921875,0.609375,1.8596649169921875e-05,9.775161743164062e-05,1.4765625,1.5078125,1.984375,0.11572265625
3,2,65,singular,0.31455594301223755,0.31455594301223755,45.0,16.5,0.02734375,0.0125732421875,1.4765625,1.5078125,1.984375,0.1162109375
3,2,66,plural,0.0013390155509114265,0.0013390155509114265,5.781650543212891e-06,0.2109375,0.0,9.965896606445312e-05,1.4765625,1.5078125,1.984375,0.1162109375
3,3,67,singular,0.09164322167634964,0.09164322167634964,14.3125,13.9375,0.006134033203125,0.006805419921875,1.484375,1.5,1.984375,0.1162109375
3,3,68,plural,2.264974000354414e-06,2.264974000354414e-06,6.246566772460938e-05,0.0003604888916015625,0.0,0.0,1.484375,1.5,1.984375,0.1162109375
3,4,69,singular,0.016060978174209595,0.016060978174209595,2.5625,0.052978515625,0.00176239013671875,1.049041748046875e-05,1.484375,1.5,1.984375,0.1162109375
3,4,70,plural,0.0015098373405635357,0.0015098373405635357,0.216796875,0.2470703125,3.2901763916015625e-05,6.771087646484375e-05,1.484375,1.5,1.984375,0.1162109375
3,5,71,singular,0.008684958331286907,0.008684958331286907,1.421875,0.96484375,0.000804901123046875,0.000560760498046875,1.484375,1.5,1.984375,0.1162109375
3,5,72,plural,7.92710343375802e-05,7.92710343375802e-05,0.008056640625,0.01239013671875,2.4400651454925537e-07,3.371387720108032e-07,1.484375,1.5,1.984375,0.1162109375
3,6,73,singular,0.016168896108865738,0.016168896108865738,2.546875,0.0673828125,0.00225830078125,2.5987625122070312e-05,1.484375,1.5,1.984375,0.1162109375
3,6,74,plural,0.0156503077596426,0.0156503077596426,1.8125,2.265625,0.001495361328125,0.0026092529296875,1.484375,1.5,1.984375,0.1162109375
3,7,75,singular,4.5110602378845215,4.5110602378845215,154.0,154.0,0.07275390625,0.0751953125,1.4921875,1.4921875,1.984375,0.1171875
3,7,76,plural,8.750160217285156,8.750160217285156,155.0,155.0,0.0595703125,0.060546875,1.484375,1.5,1.984375,0.11669921875
3,8,77,singular,0.0021879561245441437,0.0021879561245441437,0.310546875,0.03271484375,0.000118255615234375,4.023313522338867e-06,1.484375,1.5,1.984375,0.11669921875
3,8,78,plural,0.005553294438868761,0.005553294438868761,0.034423828125,0.9375,3.248453140258789e-06,0.0004711151123046875,1.484375,1.5,1.984375,0.11669921875
3,9,79,singular,1.9102721214294434,1.9102721214294434,132.0,132.0,0.05029296875,0.05126953125,1.4921875,1.4921875,1.984375,0.11767578125
3,9,80,plural,0.35061779618263245,0.35061779618263245,48.25,48.5,0.0250244140625,0.0264892578125,1.484375,1.4921875,1.984375,0.1171875
3,10,81,singular,0.002211864572018385,0.002211864572018385,0.345703125,0.00799560546875,0.00010633468627929688,0.0,1.484375,1.4921875,1.984375,0.1171875
3,10,82,plural,0.03299454227089882,0.03299454227089882,4.34375,4.84375,0.0037078857421875,0.00457763671875,1.484375,1.4921875,1.984375,0.1171875
3,11,83,singular,0.03543953225016594,0.03543953225016594,5.03125,0.00031280517578125,0.005096435546875,0.0,1.484375,1.4921875,1.984375,0.1171875
3,11,84,plural,6.002481460571289,6.002481460571289,155.0,155.0,0.059326171875,0.059814453125,1.4765625,1.5078125,1.984375,0.11572265625
3,12,85,singular,4.5110602378845215,4.5110602378845215,154.0,154.0,0.0517578125,0.05224609375,1.484375,1.5,1.984375,0.11669921875
3,12,86,plural,0.019623076543211937,0.019623076543211937,0.1943359375,3.3125,3.409385681152344e-05,0.0027008056640625,1.484375,1.5,1.984375,0.11669921875
3,13,87,singular,0.001260558608919382,0.001260558608919382,0.1796875,0.0478515625,0.0001010894775390625,4.4405460357666016e-06,1.484375,1.5,1.984375,0.11669921875
3,13,88,plural,0.0072281756438314915,0.0072281756438314915,0.97265625,1.046875,0.0008544921875,0.00109100341796875,1.484375,1.5,1.984375,0.11669921875
3,14,89,singular,0.0007665794692002237,0.0007665794692002237,0.10986328125,0.022705078125,4.38690185546875e-05,2.8461217880249023e-06,1.484375,1.5,1.984375,0.11669921875
3,14,90,plural,4.5110602378845215,4.5110602378845215,154.0,154.0,0.054931640625,0.055419921875,1.4765625,1.5078125,1.984375,0.11572265625
4,0,91,singular,5.006724834442139,5.006724834442139,154.0,154.0,0.050537109375,0.05078125,1.484375,1.5,1.984375,0.11669921875
4,0,92,plural,0.011792472563683987,0.011792472563683987,0.0927734375,1.9921875,1.728534698486328e-05,0.001922607421875,1.484375,1.5,1.984375,0.11669921875
4,1,93,singular,0.000539634027518332,0.000539634027518332,0.08251953125,0.0032958984375,1.621246337890625e-05,8.568167686462402e-08,1.484375,1.5,1.984375,0.11669921875
4,1,94,plural,0.0007454953738488257,0.0007454953738488257,0.1103515625,0.115234375,1.233816146850586e-05,5.1021575927734375e-05,1.484375,1.5,1.984375,0.11669921875
4,2,95,singular,0.004572056699544191,0.004572056699544191,0.73046875,0.006378173828125,0.00077056884765625,1.125037670135498e-06,1.484375,1.5,1.984375,0.11669921875
4,2,96,plural,0.012195779010653496,0.012195779010653496,0.1533203125,2.0625,0.00011682510375976562,0.0025634765625,1.484375,1.5,1.984375,0.11669921875
4,3,97,singular,0.04006601870059967,0.04006601870059967,5.65625,0.000514984130859375,0.00823974609375,0.0,1.484375,1.5,1.984375,0.11669921875
4,3,98,plural,0.012654365040361881,0.012654365040361881,1.484375,2.1875,0.00101470947265625,0.00176239013671875,1.484375,1.5,1.984375,0.11669921875
4,4,99,singular,0.023265711963176727,0.023265711963176727,3.5625,3.5625,0.00133514404296875,0.0012969970703125,1.484375,1.5,1.984375,0.11669921875
4,4,100,plural,4.0181660652160645,4.0181660652160645,152.0,152.0,0.062255859375,0.0625,1.4765625,1.5078125,1.984375,0.115234375
4,5,101,singular,0.002063052263110876,0.002063052263110876,0.318359375,0.10986328125,0.0003414154052734375,6.151199340820312e-05,1.4765625,1.5078125,1.984375,0.115234375
4,5,102,plural,0.0011747133685275912,0.0011747133685275912,0.181640625,0.1826171875,7.361173629760742e-06,1.0132789611816406e-05,1.4765625,1.5078125,1.984375,0.115234375
4,6,103,singular,0.01548352837562561,0.01548352837562561,2.203125,1.5703125,0.004669189453125,0.003936767578125,1.4765625,1.5078125,1.984375,0.11474609375
4,6,104,plural,0.0004926898400299251,0.0004926898400299251,1.2889504432678223e-06,0.07763671875,0.0,0.0001583099365234375,1.4765625,1.5078125,1.984375,0.11474609375
4,7,105,singular,0.059656791388988495,0.059656791388988495,9.6875,3.265625,0.01422119140625,0.00628662109375,1.4765625,1.5078125,1.9921875,0.115234375
4,7,106,plural,0.0002673506969586015,0.0002673506969586015,0.033447265625,0.0439453125,5.27501106262207e-06,9.000301361083984e-06,1.4765625,1.5078125,1.9921875,0.115234375
4,8,107,singular,0.024062151089310646,0.024062151089310646,3.40625,2.546875,0.006072998046875,0.005035400390625,1.484375,1.5078125,1.9921875,0.1142578125
4,8,108,plural,0.00025614796322770417,0.00025614796322770417,0.033203125,0.041748046875,9.179115295410156e-06,2.1219253540039062e-05,1.484375,1.5078125,1.9921875,0.1142578125
4,9,109,singular,0.2848265767097473,0.2848265767097473,40.75,40.0,0.0289306640625,0.029541015625,1.484375,1.5078125,1.9921875,0.11328125
4,9,110,plural,1.7881377516459906e-06,1.7881377516459906e-06,5.507469177246094e-05,0.0002841949462890625,0.0,0.0,1.484375,1.5078125,1.9921875,0.11328125
4,10,111,singular,0.001549235312268138,0.001549235312268138,0.2216796875,0.029052734375,0.000263214111328125,3.790855407714844e-05,1.484375,1.5078125,1.9921875,0.11328125
4,10,112,plural,4.815939246327616e-05,4.815939246327616e-05,0.0048828125,0.007537841796875,1.1920928955078125e-07,6.742775440216064e-07,1.484375,1.5078125,1.9921875,0.11328125
4,11,113,singular,0.004855033475905657,0.004855033475905657,0.796875,0.5234375,0.00141143798828125,0.00093841552734375,1.484375,1.5078125,1.9921875,0.11328125
4,11,114,plural,0.0008404298569075763,0.0008404298569075763,0.10302734375,0.1220703125,0.00011539459228515625,0.000202178955078125,1.484375,1.5078125,1.9921875,0.11328125
4,12,115,singular,4.758624076843262,4.758624076843262,154.0,154.0,0.07763671875,0.078125,1.4921875,1.4921875,1.9921875,0.115234375
4,12,116,plural,0.437956303358078,0.437956303358078,50.75,52.0,0.04150390625,0.042236328125,1.4921875,1.5,1.9921875,0.11279296875
4,13,117,singular,0.001678963890299201,0.001678963890299201,0.267578125,0.001251220703125,0.0001926422119140625,0.0,1.4921875,1.5,1.9921875,0.11279296875
4,13,118,plural,0.002842554822564125,0.002842554822564125,0.32421875,0.421875,0.00017452239990234375,0.000301361083984375,1.4921875,1.5,1.9921875,0.11279296875
4,14,119,singular,0.001176023157313466,0.001176023157313466,0.18359375,0.002960205078125,9.918212890625e-05,0.0,1.4921875,1.5,1.9921875,0.11279296875
4,14,120,plural,7.250712871551514,7.250712871551514,155.0,155.0,0.0673828125,0.0673828125,1.484375,1.5078125,1.9921875,0.11181640625
5,0,121,singular,0.008367362432181835,0.008367362432181835,1.3984375,0.21875,0.001708984375,0.000232696533203125,1.484375,1.5078125,1.9921875,0.11181640625
5,0,122,plural,0.0003636414185166359,0.0003636414185166359,0.04833984375,0.0595703125,6.616115570068359e-06,2.0384788513183594e-05,1.484375,1.5078125,1.9921875,0.11181640625
5,1,123,singular,0.005603676661849022,0.005603676661849022,0.87109375,0.06689453125,0.000904083251953125,2.6464462280273438e-05,1.484375,1.5078125,1.9921875,0.11181640625
5,1,124,plural,4.768370445162873e-07,4.768370445162873e-07,5.811452865600586e-06,7.581710815429688e-05,0.0,0.0,1.484375,1.5078125,1.9921875,0.11181640625
5,2,125,singular,0.012708745896816254,0.012708745896816254,2.015625,0.06787109375,0.00311279296875,4.38690185546875e-05,1.484375,1.5078125,1.9921875,0.11181640625
5,2,126,plural,0.000940714729949832,0.000940714729949832,0.00151824951171875,0.1591796875,0.0,0.0001544952392578125,1.484375,1.5078125,1.9921875,0.11181640625
5,3,127,singular,0.00048423008411191404,0.00048423008411191404,0.0751953125,0.01483154296875,5.555152893066406e-05,1.7657876014709473e-06,1.484375,1.5078125,1.9921875,0.11181640625
5,3,128,plural,0.00023278864682652056,0.00023278864682652056,4.1909515857696533e-07,0.036865234375,0.0,6.580352783203125e-05,1.484375,1.5078125,1.9921875,0.11181640625
5,4,129,singular,0.3649830222129822,0.3649830222129822,44.25,0.103515625,0.04736328125,0.00013637542724609375,1.4921875,1.5078125,2.0,0.11328125
5,4,130,plural,0.0006825978052802384,0.0006825978052802384,0.08251953125,0.1015625,1.609325408935547e-05,8.392333984375e-05,1.4921875,1.5078125,2.0,0.11328125
5,5,131,singular,0.011624105274677277,0.011624105274677277,1.890625,1.796875,0.001251220703125,0.0019378662109375,1.4921875,1.5078125,2.0,0.11328125
5,5,132,plural,0.0037969890981912613,0.0037969890981912613,0.4296875,0.66015625,0.00025177001953125,0.00081634521484375,1.4921875,1.5078125,2.0,0.11328125
5,6,133,singular,3.5297627449035645,3.5297627449035645,150.0,150.0,0.0732421875,0.0771484375,1.5,1.5,1.9921875,0.11376953125
5,6,134,plural,0.0036456806119531393,0.0036456806119531393,0.5546875,0.5625,0.00045013427734375,0.000682830810546875,1.5,1.5,1.9921875,0.11376953125
5,7,135,singular,0.00010823617776622996,0.00010823617776622996,0.017822265625,0.003997802734375,8.121132850646973e-07,0.0,1.5,1.5,1.9921875,0.11376953125
5,7,136,plural,0.02945009060204029,0.02945009060204029,0.98046875,4.9375,0.00135040283203125,0.0093994140625,1.5,1.5,2.0,0.11376953125
5,8,137,singular,9.059495641849935e-05,9.059495641849935e-05,0.012939453125,0.002105712890625,7.338821887969971e-07,2.384185791015625e-07,1.5,1.5,2.0,0.11376953125
5,8,138,plural,9.500075340270996,9.500075340270996,155.0,155.0,0.06884765625,0.0712890625,1.4921875,1.5078125,2.0,0.11328125
5,9,139,singular,2.578908920288086,2.578908920288086,144.0,144.0,0.054931640625,0.056884765625,1.5,1.5,1.9921875,0.1142578125
5,9,140,plural,7.000913619995117,7.000913619995117,155.0,155.0,0.052734375,0.054443359375,1.4921875,1.5078125,2.0,0.11376953125
5,10,141,singular,0.00045885046711191535,0.00045885046711191535,0.0654296875,0.0225830078125,1.424551010131836e-05,6.496906280517578e-06,1.4921875,1.5078125,2.0,0.11376953125
5,10,142,plural,0.00026782741770148277,0.00026782741770148277,0.033447265625,0.038818359375,4.26173210144043e-06,1.6570091247558594e-05,1.4921875,1.5078125,2.0,0.11376953125
5,11,143,singular,0.003616105066612363,0.003616105066612363,0.578125,0.01348876953125,0.000919342041015625,1.9818544387817383e-06,1.4921875,1.5078125,2.0,0.11376953125
5,11,144,plural,0.12695157527923584,0.12695157527923584,18.5,18.5,0.00799560546875,0.008056640625,1.4921875,1.5078125,2.0,0.11328125
5,12,145,singular,0.001450320822186768,0.001450320822186768,0.2080078125,0.1474609375,0.000484466552734375,0.0003910064697265625,1.4921875,1.5078125,2.0,0.11328125
5,12,146,plural,2.455681169521995e-05,2.455681169521995e-05,0.0026092529296875,0.00384521484375,0.0,5.960464477539063e-08,1.4921875,1.5078125,2.0,0.11328125
5,13,147,singular,3.288053512573242,3.288053512573242,149.0,149.0,0.058837890625,0.060546875,1.5,1.5,1.9921875,0.1142578125
5,13,148,plural,0.014781598001718521,0.014781598001718521,2.0625,2.140625,0.002960205078125,0.003997802734375,1.5,1.5,2.0,0.1142578125
5,14,149,singular,4.494089080253616e-05,4.494089080253616e-05,0.006866455078125,0.000347137451171875,0.0,0.0,1.5,1.5,2.0,0.1142578125
5,14,150,plural,0.06269979476928711,0.06269979476928711,9.875,10.0,0.011474609375,0.01361083984375,1.5,1.5,2.0,0.11376953125
6,0,151,singular,0.0017952292691916227,0.0017952292691916227,0.2578125,0.00011968612670898438,0.000270843505859375,0.0,1.5,1.5,2.0,0.11376953125
6,0,152,plural,0.00041607304592616856,0.00041607304592616856,0.059326171875,0.06494140625,3.838539123535156e-05,0.000102996826171875,1.5,1.5,2.0,0.11376953125
6,1,153,singular,0.0015051951631903648,0.0015051951631903648,0.2333984375,0.2333984375,2.193450927734375e-05,2.467632293701172e-05,1.5,1.5,2.0,0.11376953125
6,1,154,plural,0.007634864654392004,0.007634864654392004,0.1357421875,1.296875,0.0001983642578125,0.0034637451171875,1.5,1.5,2.0,0.11376953125
6,2,155,singular,0.0015051951631903648,0.0015051951631903648,0.2333984375,0.2333984375,2.3603439331054688e-05,2.5510787963867188e-05,1.5,1.5,2.0,0.11376953125
6,2,156,plural,0.009990096092224121,0.009990096092224121,1.5859375,1.625,0.0028839111328125,0.003875732421875,1.5,1.5,2.0,0.11376953125
6,3,157,singular,0.00016866691294126213,0.00016866691294126213,0.0281982421875,0.000377655029296875,1.823902130126953e-05,0.0,1.5,1.5,2.0,0.11376953125
6,3,158,plural,0.005631415639072657,0.005631415639072657,0.77734375,0.8359375,0.00170135498046875,0.00244140625,1.5,1.5,2.0,0.11328125
6,4,159,singular,0.00030083899036981165,0.00030083899036981165,0.049560546875,0.0201416015625,4.744529724121094e-05,1.0967254638671875e-05,1.5,1.5,2.0,0.11328125
6,4,160,plural,6.501505374908447,6.501505374908447,155.0,155.0,0.076171875,0.0771484375,1.484375,1.515625,2.0,0.11181640625
6,5,161,singular,0.0017528659664094448,0.0017528659664094448,0.25,0.1474609375,0.00051116943359375,0.0003795623779296875,1.4921875,1.515625,2.0,0.111328125
6,5,162,plural,0.0015051951631903648,0.0015051951631903648,0.2333984375,0.2333984375,2.1576881408691406e-05,2.5153160095214844e-05,1.4921875,1.515625,2.0,0.111328125
6,6,163,singular,0.0632803812623024,0.0632803812623024,10.0,9.8125,0.01177978515625,0.01361083984375,1.4921875,1.515625,2.0,0.1103515625
6,6,164,plural,6.913899414939806e-05,6.913899414939806e-05,0.007476806640625,0.01007080078125,1.3709068298339844e-06,3.933906555175781e-06,1.4921875,1.515625,2.0,0.1103515625
6,7,165,singular,0.000460876093711704,0.000460876093711704,0.07177734375,0.0245361328125,0.0001277923583984375,7.331371307373047e-06,1.4921875,1.515625,2.0,0.1103515625
6,7,166,plural,0.0018354489002376795,0.0018354489002376795,0.1787109375,0.318359375,0.00022029876708984375,0.00063323974609375,1.4921875,1.515625,2.0,0.1103515625
6,8,167,singular,0.004046230111271143,0.004046230111271143,0.62890625,0.07568359375,0.0017242431640625,0.00026702880859375,1.4921875,1.515625,2.0,0.1103515625
6,8,168,plural,0.0003457663697190583,0.0003457663697190583,0.000492095947265625,0.05859375,0.0,0.00017261505126953125,1.4921875,1.515625,2.0,0.1103515625
6,9,169,singular,0.008230695500969887,0.008230695500969887,1.171875,0.95703125,0.003936767578125,0.0037689208984375,1.4921875,1.515625,2.0,0.1103515625
6,9,170,plural,1.1920928244535389e-07,1.1920928244535389e-07,4.5299530029296875e-06,1.895427703857422e-05,0.0,0.0,1.4921875,1.515625,2.0,0.1103515625
6,10,171,singular,0.0016576610505580902,0.0016576610505580902,0.25390625,0.12353515625,0.0012054443359375,0.000553131103515625,1.4921875,1.515625,2.0,0.1103515625
6,10,172,plural,0.0004944770480506122,0.0004944770480506122,0.07080078125,0.08154296875,8.58306884765625e-05,0.000156402587890625,1.4921875,1.515625,2.0,0.1103515625
6,11,173,singular,6.002479076385498,6.002479076385498,155.0,155.0,0.08349609375,0.083984375,1.5,1.5,2.0,0.1123046875
6,11,174,plural,8.000336647033691,8.000336647033691,155.0,155.0,0.0654296875,0.06591796875,1.4921875,1.5078125,2.0,0.11181640625
6,12,175,singular,0.004671374801546335,0.004671374801546335,0.75,0.0223388671875,0.00225830078125,3.981590270996094e-05,1.4921875,1.5078125,2.0,0.11181640625
6,12,176,plural,5.638440416078083e-05,5.638440416078083e-05,0.00799560546875,0.00872802734375,0.0,1.9073486328125e-06,1.4921875,1.5078125,2.0,0.11181640625
6,13,177,singular,0.0011730464175343513,0.0011730464175343513,0.1689453125,0.115234375,0.00072479248046875,0.000560760498046875,1.4921875,1.5078125,2.0,0.11181640625
6,13,178,plural,0.0008497203234583139,0.0008497203234583139,0.10400390625,0.12451171875,0.00021266937255859375,0.0004329681396484375,1.4921875,1.5078125,2.0,0.11181640625
6,14,179,singular,0.004694274626672268,0.004694274626672268,0.7421875,0.025146484375,0.0027923583984375,4.00543212890625e-05,1.4921875,1.5078125,2.0,0.11181640625
6,14,180,plural,0.00018142008048016578,0.00018142008048016578,6.891787052154541e-07,0.0286865234375,0.0,0.000133514404296875,1.4921875,1.5078125,2.0,0.11181640625
7,0,181,singular,3.048602819442749,3.048602819442749,148.0,148.0,0.06591796875,0.06640625,1.5,1.5,2.0,0.1123046875
7,0,182,plural,8.000336647033691,8.000336647033691,155.0,155.0,0.058837890625,0.05908203125,1.4921875,1.5078125,2.0,0.1123046875
7,1,183,singular,1.9102469682693481,1.9102469682693481,132.0,132.0,0.046630859375,0.046875,1.5,1.5,2.0,0.11279296875
7,1,184,plural,0.030209237709641457,0.030209237709641457,4.8125,4.90625,0.0086669921875,0.00927734375,1.5,1.5,2.0,0.1123046875
7,2,185,singular,0.00022301571152638644,0.00022301571152638644,0.03662109375,0.013916015625,8.165836334228516e-06,5.21540641784668e-06,1.5,1.5,2.0,0.1123046875
7,2,186,plural,0.0006329201860353351,0.0006329201860353351,8.404254913330078e-06,0.10009765625,0.0,0.00055694580078125,1.5,1.5,2.0,0.1123046875
7,3,187,singular,0.0002821285743266344,0.0002821285743266344,0.046142578125,0.033203125,1.5974044799804688e-05,3.314018249511719e-05,1.5,1.5,2.0,0.1123046875
7,3,188,plural,0.01915867067873478,0.01915867067873478,2.765625,3.296875,0.0052490234375,0.006683349609375,1.5,1.5,2.0,0.1123046875
7,4,189,singular,0.0024792193435132504,0.0024792193435132504,0.384765625,0.384765625,5.1975250244140625e-05,5.936622619628906e-05,1.5,1.5,2.0,0.1123046875
7,4,190,plural,0.004720377270132303,0.004720377270132303,0.09326171875,0.796875,0.00037384033203125,0.0037384033203125,1.5,1.5,2.0,0.11181640625
7,5,191,singular,0.001022888463921845,0.001022888463921845,0.1630859375,0.00142669677734375,0.000675201416015625,2.384185791015625e-07,1.5,1.5,2.0,0.11181640625
7,5,192,plural,0.0006434039096347988,0.0006434039096347988,0.09716796875,0.10009765625,0.00026702880859375,0.00026702880859375,1.5,1.5,2.0,0.11181640625
7,6,193,singular,0.00010084597306558862,0.00010084597306558862,0.01446533203125,0.002105712890625,1.5735626220703125e-05,7.152557373046875e-07,1.5,1.5,2.0,0.11181640625
7,6,194,plural,0.0022865599021315575,0.0022865599021315575,0.31640625,0.33203125,0.00154876708984375,0.00179290771484375,1.5,1.5078125,2.0,0.111328125
7,7,195,singular,0.00017677174764685333,0.00017677174764685333,0.0252685546875,0.007354736328125,8.296966552734375e-05,7.867813110351562e-06,1.5,1.5078125,2.0,0.111328125
7,7,196,plural,0.006898277904838324,0.006898277904838324,1.09375,1.125,0.004180908203125,0.004486083984375,1.5,1.5078125,2.0,0.111328125
7,8,197,singular,0.0017952292691916227,0.0017952292691916227,0.2578125,0.00011968612670898438,0.001739501953125,0.0,1.5,1.5078125,2.0,0.111328125
7,8,198,plural,6.002479076385498,6.002479076385498,155.0,155.0,0.0771484375,0.0771484375,1.4921875,1.515625,2.0,0.109375
7,9,199,singular,0.0006492413813248277,0.0006492413813248277,0.1005859375,0.04052734375,0.000370025634765625,0.00011968612670898438,1.4921875,1.515625,2.0,0.109375
7,9,200,plural,0.0009135602158494294,0.0009135602158494294,0.1416015625,0.1416015625,8.344650268554688e-06,9.655952453613281e-06,1.4921875,1.515625,2.0,0.109375
7,10,201,singular,0.0018858996918424964,0.0018858996918424964,0.2890625,0.158203125,0.00177001953125,0.0011444091796875,1.4921875,1.515625,2.0,0.109375
7,10,202,plural,1.1920928244535389e-07,1.1920928244535389e-07,2.1457672119140625e-06,1.895427703857422e-05,0.0,0.0,1.4921875,1.515625,2.0,0.109375
7,11,203,singular,0.004739835392683744,0.004739835392683744,0.73828125,0.10986328125,0.003326416015625,0.000537872314453125,1.4921875,1.515625,2.0,0.109375
7,11,204,plural,5.364403477869928e-06,5.364403477869928e-06,0.000400543212890625,0.0008392333984375,0.0,0.0,1.4921875,1.515625,2.0,0.109375
7,12,205,singular,0.011100678704679012,0.011100678704679012,1.84375,0.671875,0.009033203125,0.00445556640625,1.4921875,1.515625,2.0,0.109375
7,12,206,plural,0.00020108585886191577,0.00020108585886191577,0.0208740234375,0.030029296875,3.075599670410156e-05,0.00013828277587890625,1.4921875,1.515625,2.0,0.109375
7,13,207,singular,0.004378019366413355,0.004378019366413355,0.625,0.515625,0.0048828125,0.00506591796875,1.4921875,1.515625,2.0,0.10888671875
7,13,208,plural,0.00034374051028862596,0.00034374051028862596,0.000385284423828125,0.058349609375,1.4901161193847656e-08,0.0003986358642578125,1.4921875,1.515625,2.0,0.10888671875
7,14,209,singular,0.008010168559849262,0.008010168559849262,1.28125,0.087890625,0.00714111328125,0.00069427490234375,1.4921875,1.515625,2.0,0.10888671875
7,14,210,plural,0.0002456601650919765,0.0002456601650919765,0.0262451171875,0.0361328125,9.393692016601562e-05,0.00028228759765625,1.4921875,1.515625,2.0,0.10888671875
8,0,211,singular,0.008052858524024487,0.008052858524024487,1.140625,0.95703125,0.006561279296875,0.006378173828125,1.4921875,1.515625,2.0,0.10888671875
8,0,212,plural,5.722029527532868e-06,5.722029527532868e-06,0.000453948974609375,0.000885009765625,0.0,0.0,1.4921875,1.515625,2.0,0.10888671875
8,1,213,singular,0.003628576872870326,0.003628576872870326,0.56640625,0.07568359375,0.003082275390625,0.00054168701171875,1.4921875,1.515625,2.0,0.10888671875
8,1,214,plural,0.001335444045253098,0.001335444045253098,0.12353515625,0.232421875,0.00037384033203125,0.00115203857421875,1.4921875,1.515625,2.0,0.10888671875
8,2,215,singular,0.03896572068333626,0.03896572068333626,6.28125,6.125,0.016845703125,0.017333984375,1.4921875,1.515625,2.015625,0.10791015625
8,2,216,plural,8.368142152903602e-05,8.368142152903602e-05,0.0096435546875,0.01220703125,2.3603439331054688e-05,4.7206878662109375e-05,1.4921875,1.515625,2.015625,0.10791015625
8,3,217,singular,0.0017433458706364036,0.0017433458706364036,0.2490234375,0.1904296875,0.00238037109375,0.0021514892578125,1.4921875,1.515625,2.015625,0.10791015625
8,3,218,plural,0.00044264530879445374,0.00044264530879445374,0.000720977783203125,0.0751953125,0.0,0.0006103515625,1.4921875,1.515625,2.015625,0.10791015625
8,4,219,singular,0.0047616660594940186,0.0047616660594940186,0.76171875,0.036865234375,0.005462646484375,0.000324249267578125,1.4921875,1.515625,2.015625,0.10791015625
8,4,220,plural,0.001931469771079719,0.001931469771079719,0.30078125,0.30078125,0.0001735687255859375,0.0001811981201171875,1.4921875,1.515625,2.015625,0.10791015625
8,5,221,singular,0.0037376086693257093,0.0037376086693257093,0.59375,0.032470703125,0.00445556640625,0.000202178955078125,1.4921875,1.515625,2.015625,0.10791015625
8,5,222,plural,0.00016473367577418685,0.00016473367577418685,0.02294921875,0.0269775390625,8.58306884765625e-05,0.00010728836059570312,1.4921875,1.515625,2.015625,0.10791015625
8,6,223,singular,6.251931667327881,6.251931667327881,155.0,155.0,0.0947265625,0.0947265625,1.5078125,1.5,2.0,0.109375
8,6,224,plural,0.018797004595398903,0.018797004595398903,2.671875,2.78125,0.010009765625,0.01068115234375,1.5078125,1.5,2.0,0.10888671875
8,7,225,singular,1.597391747054644e-05,1.597391747054644e-05,0.0024566650390625,5.316734313964844e-05,0.0,0.0,1.5078125,1.5,2.0,0.10888671875
8,7,226,plural,0.1435423046350479,0.1435423046350479,21.875,22.0,0.0284423828125,0.0286865234375,1.5078125,1.5078125,2.015625,0.107421875
8,8,227,singular,0.00026222606538794935,0.00026222606538794935,0.04052734375,0.04052734375,2.0712614059448242e-06,2.9355287551879883e-06,1.5078125,1.5078125,2.015625,0.107421875
8,8,228,plural,0.0006329201860353351,0.0006329201860353351,8.404254913330078e-06,0.10009765625,0.0,0.00052642822265625,1.5078125,1.5078125,2.015625,0.107421875
8,9,229,singular,4.172316494077677e-06,4.172316494077677e-06,0.00064849853515625,7.241964340209961e-06,0.0,0.0,1.5078125,1.5078125,2.015625,0.107421875
8,9,230,plural,0.006257583852857351,0.006257583852857351,0.154296875,1.0546875,0.000583648681640625,0.00445556640625,1.5078125,1.5078125,2.015625,0.10693359375
8,10,231,singular,5.924526340095326e-05,5.924526340095326e-05,0.0084228515625,0.0009918212890625,1.7642974853515625e-05,4.76837158203125e-07,1.5078125,1.5078125,2.015625,0.10693359375
8,10,232,plural,8.250262260437012,8.250262260437012,155.0,155.0,0.08251953125,0.08251953125,1.4921875,1.515625,2.015625,0.10693359375
8,11,233,singular,0.006943383254110813,0.006943383254110813,1.140625,0.96484375,0.0032958984375,0.0027923583984375,1.4921875,1.515625,2.015625,0.1064453125
8,11,234,plural,1.1920928244535389e-07,1.1920928244535389e-07,2.428889274597168e-06,1.895427703857422e-05,0.0,0.0,1.4921875,1.515625,2.015625,0.1064453125
8,12,235,singular,5.504083156585693,5.504083156585693,155.0,155.0,0.06787109375,0.06787109375,1.5,1.5078125,2.015625,0.10791015625
8,12,236,plural,0.004373390693217516,0.004373390693217516,0.59375,0.640625,0.002410888671875,0.0023651123046875,1.5,1.5078125,2.015625,0.10791015625
8,13,237,singular,0.0013984196120873094,0.0013984196120873094,0.201171875,8.20159912109375e-05,0.00106048583984375,0.0,1.5,1.5078125,2.015625,0.10791015625
8,13,238,plural,0.00034564718953333795,0.00034564718953333795,0.052001953125,0.053466796875,4.673004150390625e-05,9.965896606445312e-05,1.5,1.5078125,2.015625,0.10791015625
8,14,239,singular,0.00010227633902104571,0.00010227633902104571,0.01708984375,0.0002288818359375,4.9173831939697266e-06,0.0,1.5,1.5078125,2.015625,0.10791015625
8,14,240,plural,5.753181457519531,5.753181457519531,155.0,155.0,0.06591796875,0.06591796875,1.4921875,1.515625,2.015625,0.10693359375
9,0,241,singular,5.006721019744873,5.006721019744873,154.0,154.0,0.056396484375,0.056396484375,1.5,1.5078125,2.015625,0.10791015625
9,0,242,plural,9.810443589231e-05,9.810443589231e-05,0.0133056640625,0.015380859375,4.410743713378906e-06,2.300739288330078e-05,1.5,1.5078125,2.015625,0.10791015625
9,1,243,singular,0.014170970767736435,0.014170970767736435,2.1875,2.1875,0.00049591064453125,0.00049591064453125,1.5,1.5078125,2.015625,0.10791015625
9,1,244,plural,4.264171123504639,4.264171123504639,153.0,153.0,0.055419921875,0.055419921875,1.4921875,1.515625,2.015625,0.10693359375
9,2,245,singular,0.0034018049482256174,0.0034018049482256174,0.5703125,0.1337890625,0.002349853515625,0.000705718994140625,1.4921875,1.515625,2.015625,0.10693359375
9,2,246,plural,6.675497570540756e-05,6.675497570540756e-05,1.2014061212539673e-07,0.01055908203125,0.0,2.765655517578125e-05,1.4921875,1.515625,2.015625,0.10693359375
9,3,247,singular,0.004870455712080002,0.004870455712080002,0.796875,0.6640625,0.0024566650390625,0.00213623046875,1.4921875,1.515625,2.015625,0.10693359375
9,3,248,plural,0.00019131260341964662,0.00019131260341964662,0.0205078125,0.028076171875,6.341934204101562e-05,0.00012969970703125,1.4921875,1.515625,2.015625,0.10693359375
9,4,249,singular,0.001401276676915586,0.001401276676915586,0.201171875,0.1474609375,0.0013427734375,0.00103759765625,1.4921875,1.515625,2.015625,0.10693359375
9,4,250,plural,0.008620312437415123,0.008620312437415123,1.3359375,1.3359375,0.0002079010009765625,0.0002117156982421875,1.4921875,1.515625,2.015625,0.10693359375
9,5,251,singular,0.009106529876589775,0.009106529876589775,1.3125,0.003936767578125,0.0069580078125,7.62939453125e-06,1.4921875,1.515625,2.015625,0.10693359375
9,5,252,plural,0.008620312437415123,0.008620312437415123,1.3359375,1.3359375,0.00048828125,0.0004730224609375,1.4921875,1.515625,2.015625,0.10693359375
9,6,253,singular,0.0007203606073744595,0.0007203606073744595,0.10302734375,0.05419921875,0.0004711151123046875,0.00040435791015625,1.4921875,1.515625,2.015625,0.10693359375
9,6,254,plural,0.00011562632425921038,0.00011562632425921038,0.0157470703125,0.0189208984375,3.24249267578125e-05,1.1801719665527344e-05,1.4921875,1.515625,2.015625,0.10693359375
9,7,255,singular,4.758620262145996,4.758620262145996,154.0,154.0,0.0693359375,0.0693359375,1.5078125,1.5078125,2.015625,0.10693359375
9,7,256,plural,0.002689318498596549,0.002689318498596549,0.369140625,0.400390625,0.00135040283203125,0.0020599365234375,1.5078125,1.5078125,2.015625,0.10693359375
9,8,257,singular,0.0004832768754567951,0.0004832768754567951,0.07666015625,0.000675201416015625,0.000308990478515625,0.0,1.5078125,1.5078125,2.015625,0.10693359375
9,8,258,plural,0.0005009111482650042,0.0005009111482650042,0.07568359375,0.07763671875,0.0001430511474609375,0.00020694732666015625,1.5078125,1.5078125,2.015625,0.10693359375
9,9,259,singular,0.0004818470624741167,0.0004818470624741167,0.0771484375,0.00052642822265625,0.000331878662109375,0.0,1.5078125,1.5078125,2.015625,0.10693359375
9,9,260,plural,0.003529986599460244,0.003529986599460244,0.05029296875,0.6015625,0.0001659393310546875,0.0033721923828125,1.5078125,1.5078125,2.015625,0.10693359375
9,10,261,singular,0.0004972175229340792,0.0004972175229340792,0.07763671875,0.0023040771484375,0.0003204345703125,0.0,1.5078125,1.5078125,2.015625,0.10693359375
9,10,262,plural,0.011664167046546936,0.011664167046546936,1.6875,2.015625,0.0052490234375,0.00616455078125,1.5078125,1.5078125,2.015625,0.10693359375
9,11,263,singular,0.00024101213784888387,0.00024101213784888387,0.03955078125,0.0294189453125,2.205371856689453e-05,2.7894973754882812e-05,1.5078125,1.5078125,2.015625,0.10693359375
9,11,264,plural,0.0027917956467717886,0.0027917956467717886,0.04443359375,0.474609375,0.000308990478515625,0.0034637451171875,1.5078125,1.5078125,2.015625,0.10693359375
9,12,265,singular,0.00010013079008786008,0.00010013079008786008,0.01434326171875,0.00347900390625,4.076957702636719e-05,0.0,1.5078125,1.5078125,2.015625,0.10693359375
9,12,266,plural,0.004251608159393072,0.004251608159393072,0.66796875,0.69921875,0.002471923828125,0.0026397705078125,1.5,1.5078125,2.015625,0.107421875
9,13,267,singular,2.682172998902388e-05,2.682172998902388e-05,0.004119873046875,0.000164031982421875,1.7523765563964844e-05,0.0,1.5,1.5078125,2.015625,0.107421875
9,13,268,plural,3.6954811548639555e-06,3.6954811548639555e-06,0.0003604888916015625,0.00058746337890625,4.76837158203125e-07,0.0,1.5,1.5078125,2.015625,0.107421875
9,14,269,singular,7.271740287251305e-06,7.271740287251305e-06,0.00112152099609375,2.2411346435546875e-05,4.805624485015869e-07,0.0,1.5,1.5078125,2.015625,0.107421875
9,14,270,plural,0.0017811877187341452,0.0017811877187341452,0.2470703125,0.2578125,0.002166748046875,0.0023956298828125,1.5078125,1.5078125,2.015625,0.1064453125
10,0,271,singular,0.0015051951631903648,0.0015051951631903648,0.2333984375,0.2333984375,5.8650970458984375e-05,6.198883056640625e-05,1.5078125,1.5078125,2.015625,0.1064453125
10,0,272,plural,0.0001754606782924384,0.0001754606782924384,0.0247802734375,0.0274658203125,0.00012063980102539062,0.00014781951904296875,1.5078125,1.5078125,2.015625,0.1064453125
10,1,273,singular,0.0015051951631903648,0.0015051951631903648,0.2333984375,0.2333984375,6.818771362304688e-05,7.009506225585938e-05,1.5078125,1.5078125,2.015625,0.1064453125
10,1,274,plural,0.0017811877187341452,0.0017811877187341452,0.2470703125,0.2578125,0.002655029296875,0.002960205078125,1.5078125,1.5078125,2.015625,0.1064453125
10,2,275,singular,0.0010892179561778903,0.0010892179561778903,0.1572265625,6.437301635742188e-05,0.002288818359375,0.0,1.5078125,1.5078125,2.015625,0.1064453125
10,2,276,plural,0.00034564718953333795,0.00034564718953333795,0.052001953125,0.053466796875,0.0002803802490234375,0.0003604888916015625,1.5078125,1.5078125,2.015625,0.1064453125
10,3,277,singular,0.00048232366680167615,0.00048232366680167615,0.0771484375,0.0005950927734375,0.000774383544921875,0.0,1.5078125,1.5078125,2.015625,0.1064453125
10,3,278,plural,0.0018684087553992867,0.0018684087553992867,0.25390625,0.279296875,0.00274658203125,0.0033416748046875,1.5078125,1.5078125,2.015625,0.1064453125
10,4,279,singular,0.0002649671514518559,0.0002649671514518559,0.04345703125,0.033203125,0.00013256072998046875,0.00014591217041015625,1.5078125,1.5078125,2.015625,0.1064453125
10,4,280,plural,6.501505374908447,6.501505374908447,155.0,155.0,0.09228515625,0.09228515625,1.4921875,1.5234375,2.015625,0.10400390625
10,5,281,singular,0.005306089296936989,0.005306089296936989,0.7578125,0.66015625,0.006866455078125,0.0062255859375,1.4921875,1.5234375,2.015625,0.10400390625
10,5,282,plural,0.000388665939681232,0.000388665939681232,0.027587890625,0.06787109375,7.152557373046875e-05,0.000194549560546875,1.4921875,1.5234375,2.015625,0.10400390625
10,6,283,singular,0.005888376850634813,0.005888376850634813,0.9140625,0.2060546875,0.004974365234375,0.001251220703125,1.4921875,1.5234375,2.015625,0.10400390625
10,6,284,plural,0.0,0.0,6.109476089477539e-07,0.0,0.0,0.0,1.4921875,1.5234375,2.015625,0.10400390625
10,7,285,singular,0.0021787970326840878,0.0021787970326840878,0.3359375,0.2041015625,0.003173828125,0.0022125244140625,1.4921875,1.5234375,2.015625,0.10400390625
10,7,286,plural,0.00015925093612167984,0.00015925093612167984,0.024658203125,0.0247802734375,8.270144462585449e-07,1.169741153717041e-06,1.4921875,1.5234375,2.015625,0.10400390625
10,8,287,singular,0.01562754064798355,0.01562754064798355,2.546875,2.3125,0.011962890625,0.011474609375,1.4921875,1.5234375,2.015625,0.103515625
10,8,288,plural,8.940297266235575e-05,8.940297266235575e-05,0.008544921875,0.0130615234375,4.601478576660156e-05,5.316734313964844e-05,1.4921875,1.5234375,2.015625,0.103515625
10,9,289,singular,0.010090529918670654,0.010090529918670654,1.671875,0.765625,0.00982666015625,0.005645751953125,1.4921875,1.5234375,2.015625,0.10302734375
10,9,290,plural,0.00015925093612167984,0.00015925093612167984,0.024658203125,0.0247802734375,3.2335519790649414e-06,3.084540367126465e-06,1.4921875,1.5234375,2.015625,0.10302734375
10,10,291,singular,0.006526820361614227,0.006526820361614227,1.0390625,0.1123046875,0.00665283203125,0.001007080078125,1.4921875,1.5234375,2.015625,0.10302734375
10,10,292,plural,7.688703772146255e-05,7.688703772146255e-05,5.888938903808594e-05,0.0130615234375,0.0,4.673004150390625e-05,1.4921875,1.5234375,2.015625,0.10302734375
10,11,293,singular,0.0014062763657420874,0.0014062763657420874,0.2001953125,0.1298828125,0.0020904541015625,0.001739501953125,1.4921875,1.5234375,2.015625,0.10302734375
10,11,294,plural,0.00012611546844709665,0.00012611546844709665,9.72747802734375e-05,0.021484375,0.0,0.00010204315185546875,1.4921875,1.5234375,2.015625,0.10302734375
10,12,295,singular,0.008785405196249485,0.008785405196249485,1.25,1.0859375,0.008544921875,0.00836181640625,1.5,1.5234375,2.015625,0.10205078125
10,12,296,plural,3.671578815556131e-05,3.671578815556131e-05,0.0045166015625,0.006011962890625,5.811452865600586e-06,7.68899917602539e-06,1.5,1.5234375,2.015625,0.10205078125
10,13,297,singular,8.500204086303711,8.500204086303711,155.0,155.0,0.0908203125,0.0908203125,1.5078125,1.5078125,2.015625,0.10498046875
10,13,298,plural,0.00038378025055862963,0.00038378025055862963,4.500150680541992e-06,0.060791015625,0.0,0.000652313232421875,1.5078125,1.5078125,2.015625,0.10498046875
10,14,299,singular,5.722029527532868e-06,5.722029527532868e-06,0.00087738037109375,1.3589859008789062e-05,0.0,0.0,1.5078125,1.5078125,2.015625,0.10498046875
10,14,300,plural,0.004793224390596151,0.004793224390596151,0.7578125,0.7890625,0.0033416748046875,0.00396728515625,1.5078125,1.5078125,2.015625,0.10498046875
11,0,301,singular,5.722029527532868e-06,5.722029527532868e-06,0.00087738037109375,1.3589859008789062e-05,5.960464477539063e-08,0.0,1.5078125,1.5078125,2.015625,0.10498046875
11,0,302,plural,0.006071101874113083,0.006071101874113083,0.96875,0.98828125,0.004852294921875,0.005523681640625,1.5078125,1.5078125,2.015625,0.1044921875
11,1,303,singular,0.001931469771079719,0.001931469771079719,0.30078125,0.30078125,5.936622619628906e-05,6.031990051269531e-05,1.5078125,1.5078125,2.015625,0.1044921875
11,1,304,plural,6.251931667327881,6.251931667327881,155.0,155.0,0.0791015625,0.0791015625,1.5,1.5234375,2.015625,0.1025390625
11,2,305,singular,0.0031948259565979242,0.0031948259565979242,0.455078125,0.353515625,0.0023193359375,0.001983642578125,1.5,1.5234375,2.015625,0.1025390625
11,2,306,plural,0.0,0.0,1.6689300537109375e-06,0.0,0.0,0.0,1.5,1.5234375,2.015625,0.1025390625
11,3,307,singular,0.003829765599220991,0.003829765599220991,0.609375,0.047119140625,0.0037841796875,0.0003509521484375,1.5,1.5234375,2.015625,0.10205078125
11,3,308,plural,0.00012683063687290996,0.00012683063687290996,0.00012493133544921875,0.021484375,0.0,3.528594970703125e-05,1.5,1.5234375,2.015625,0.10205078125
11,4,309,singular,0.0006803343421779573,0.0006803343421779573,0.09716796875,0.05419921875,0.00119781494140625,0.000759124755859375,1.5,1.5234375,2.015625,0.10205078125
11,4,310,plural,3.611976353568025e-05,3.611976353568025e-05,0.003997802734375,0.0052490234375,1.5735626220703125e-05,1.0132789611816406e-06,1.5,1.5234375,2.015625,0.10205078125
11,5,311,singular,0.03885713592171669,0.03885713592171669,6.25,6.125,0.01385498046875,0.0140380859375,1.5,1.5234375,2.03125,0.10107421875
11,5,312,plural,0.001931469771079719,0.001931469771079719,0.30078125,0.30078125,6.580352783203125e-05,5.936622619628906e-05,1.5,1.5234375,2.03125,0.10107421875
11,6,313,singular,0.002167734783142805,0.002167734783142805,0.337890625,0.040771484375,0.00160980224609375,0.0002956390380859375,1.5,1.5234375,2.03125,0.10107421875
11,6,314,plural,0.0011137479450553656,0.0011137479450553656,0.10888671875,0.1943359375,0.0004329681396484375,0.000888824462890625,1.5,1.5234375,2.03125,0.10107421875
11,7,315,singular,0.002409889828413725,0.002409889828413725,0.396484375,0.31640625,0.002197265625,0.001800537109375,1.5,1.5234375,2.03125,0.10107421875
11,7,316,plural,7.664863369427621e-05,7.664863369427621e-05,0.00958251953125,0.01263427734375,1.2695789337158203e-05,2.2649765014648438e-06,1.5,1.5234375,2.03125,0.10107421875
11,8,317,singular,6.251931667327881,6.251931667327881,155.0,155.0,0.0849609375,0.0849609375,1.5078125,1.5078125,2.015625,0.10302734375
11,8,318,plural,0.010132541880011559,0.010132541880011559,1.421875,1.4765625,0.006866455078125,0.0072021484375,1.5078125,1.5078125,2.015625,0.10302734375
11,9,319,singular,0.00017677174764685333,0.00017677174764685333,0.0283203125,0.00011730194091796875,4.38690185546875e-05,0.0,1.5078125,1.5078125,2.015625,0.10302734375
11,9,320,plural,0.004775784444063902,0.004775784444063902,0.1064453125,0.80859375,0.000621795654296875,0.00433349609375,1.5078125,1.5078125,2.015625,0.10302734375
11,10,321,singular,0.0005144941387698054,0.0005144941387698054,0.07421875,1.8358230590820312e-05,0.000560760498046875,0.0,1.5078125,1.5078125,2.015625,0.10302734375
11,10,322,plural,0.0009283285471610725,0.0009283285471610725,0.1416015625,0.1435546875,0.00061798095703125,0.00054168701171875,1.5078125,1.5078125,2.015625,0.10302734375
11,11,323,singular,0.0004318020073696971,0.0004318020073696971,0.06689453125,0.06689453125,6.67572021484375e-06,6.198883056640625e-06,1.5078125,1.5078125,2.015625,0.10302734375
11,11,324,plural,0.003391112433746457,0.003391112433746457,0.47265625,0.50390625,0.0028076171875,0.0029754638671875,1.5078125,1.5078125,2.015625,0.1025390625
11,12,325,singular,3.731181277544238e-05,3.731181277544238e-05,0.0062255859375,3.981590270996094e-05,2.1696090698242188e-05,0.0,1.5078125,1.5078125,2.015625,0.1025390625
11,12,326,plural,7.750432014465332,7.750432014465332,155.0,155.0,0.08056640625,0.08056640625,1.5,1.5234375,2.03125,0.10107421875
11,13,327,singular,0.0003846143954433501,0.0003846143954433501,0.05908203125,0.021484375,0.0003490447998046875,5.984306335449219e-05,1.5,1.5234375,2.03125,0.10107421875
11,13,328,plural,5.1973900554003194e-05,5.1973900554003194e-05,8.242204785346985e-08,0.00823974609375,0.0,3.0517578125e-05,1.5,1.5234375,2.03125,0.10107421875
11,14,329,singular,0.0007115454645827413,0.0007115454645827413,0.1015625,0.06982421875,0.00096893310546875,0.0006256103515625,1.5,1.5234375,2.03125,0.10107421875
11,14,330,plural,5.125986263010418e-06,5.125986263010418e-06,0.000453948974609375,0.00079345703125,0.0,0.0,1.5,1.5234375,2.03125,0.10107421875
12,0,331,singular,0.0019838192965835333,0.0019838192965835333,0.326171875,0.24609375,0.00194549560546875,0.0016021728515625,1.5,1.5234375,2.03125,0.10107421875
12,0,332,plural,1.3112935448589269e-05,1.3112935448589269e-05,0.0017852783203125,0.0020294189453125,0.0,0.0,1.5,1.5234375,2.03125,0.10107421875
12,1,333,singular,0.00046456989366561174,0.00046456989366561174,0.06640625,0.032958984375,0.00063323974609375,0.0001964569091796875,1.5,1.5234375,2.03125,0.10107421875
12,1,334,plural,0.003181279404088855,0.003181279404088855,0.494140625,0.494140625,0.000171661376953125,0.0001697540283203125,1.5,1.5234375,2.03125,0.10107421875
12,2,335,singular,0.0055311257019639015,0.0055311257019639015,0.796875,0.002105712890625,0.007415771484375,1.1920928955078125e-07,1.5,1.5234375,2.03125,0.10107421875
12,2,336,plural,5.1973900554003194e-05,5.1973900554003194e-05,8.242204785346985e-08,0.00823974609375,0.0,4.3392181396484375e-05,1.5,1.5234375,2.03125,0.10107421875
12,3,337,singular,5.753181457519531,5.753181457519531,155.0,155.0,0.0810546875,0.0810546875,1.5078125,1.5078125,2.03125,0.1025390625
12,3,338,plural,0.00879710353910923,0.00879710353910923,1.40625,1.4375,0.005889892578125,0.006378173828125,1.5078125,1.5078125,2.03125,0.1025390625
12,4,339,singular,9.775113539944869e-06,9.775113539944869e-06,0.00150299072265625,3.6716461181640625e-05,5.960464477539062e-07,0.0,1.5078125,1.5078125,2.03125,0.1025390625
12,4,340,plural,0.00031764229061082006,0.00031764229061082006,0.046142578125,0.049560546875,0.00018405914306640625,0.00024318695068359375,1.5078125,1.5078125,2.03125,0.1025390625
12,5,341,singular,7.426462980220094e-05,7.426462980220094e-05,0.01220703125,0.007415771484375,8.106231689453125e-06,2.86102294921875e-06,1.5078125,1.5078125,2.03125,0.1025390625
12,5,342,plural,0.003391112433746457,0.003391112433746457,0.47265625,0.50390625,0.00299072265625,0.0034942626953125,1.5078125,1.5078125,2.03125,0.10205078125
12,6,343,singular,0.00017724849749356508,0.00017724849749356508,0.0281982421875,0.0001697540283203125,9.918212890625e-05,0.0,1.5078125,1.5078125,2.03125,0.10205078125
12,6,344,plural,0.007009557913988829,0.007009557913988829,0.98046875,1.0234375,0.006683349609375,0.007232666015625,1.5078125,1.5078125,2.03125,0.10205078125
12,7,345,singular,0.00029869386344216764,0.00029869386344216764,0.046630859375,0.000957489013671875,0.00028228759765625,9.5367431640625e-07,1.5078125,1.5078125,2.03125,0.10205078125
12,7,346,plural,0.016315976157784462,0.016315976157784462,2.4375,2.828125,0.0086669921875,0.0096435546875,1.5078125,1.5078125,2.03125,0.1015625
12,8,347,singular,3.3378546504536644e-06,3.3378546504536644e-06,0.000518798828125,6.4373016357421875e-06,0.0,0.0,1.5078125,1.5078125,2.03125,0.1015625
12,8,348,plural,0.008835860528051853,0.008835860528051853,1.4140625,1.4453125,0.00665283203125,0.006744384765625,1.5078125,1.515625,2.03125,0.10107421875
12,9,349,singular,4.279521817807108e-05,4.279521817807108e-05,0.006134033203125,0.00099945068359375,1.5974044799804688e-05,9.5367431640625e-07,1.5078125,1.515625,2.03125,0.10107421875
12,9,350,plural,7.750432014465332,7.750432014465332,155.0,155.0,0.08544921875,0.08544921875,1.5,1.5234375,2.03125,0.099609375
12,10,351,singular,6.251931667327881,6.251931667327881,155.0,155.0,0.06640625,0.06640625,1.5078125,1.515625,2.03125,0.1015625
12,10,352,plural,4.264171123504639,4.264171123504639,153.0,153.0,0.056396484375,0.056640625,1.5,1.5234375,2.03125,0.10009765625
12,11,353,singular,0.0022520674392580986,0.0022520674392580986,0.359375,0.0174560546875,0.00154876708984375,1.1682510375976562e-05,1.5,1.5234375,2.03125,0.10009765625
12,11,354,plural,0.0,0.0,1.8924474716186523e-06,0.0,0.0,0.0,1.5,1.5234375,2.03125,0.10009765625
12,12,355,singular,4.758620262145996,4.758620262145996,154.0,154.0,0.055908203125,0.055908203125,1.5078125,1.515625,2.03125,0.10107421875
12,12,356,plural,0.0009832315845414996,0.0009832315845414996,0.00872802734375,0.1669921875,1.8358230590820312e-05,0.00122833251953125,1.5078125,1.515625,2.03125,0.10107421875
12,13,357,singular,0.00010287232726113871,0.00010287232726113871,0.0172119140625,0.0003337860107421875,3.4809112548828125e-05,0.0,1.5078125,1.515625,2.03125,0.10107421875
12,13,358,plural,0.0016139827203005552,0.0016139827203005552,0.01446533203125,0.2734375,3.8623809814453125e-05,0.00151824951171875,1.5078125,1.515625,2.03125,0.10107421875
12,14,359,singular,4.31528314948082e-05,4.31528314948082e-05,0.006195068359375,0.001861572265625,1.3530254364013672e-05,7.62939453125e-06,1.5078125,1.515625,2.03125,0.10107421875
12,14,360,plural,0.000663894519675523,0.000663894519675523,0.0908203125,0.0966796875,0.00066375732421875,0.00064849853515625,1.5078125,1.515625,2.03125,0.10107421875
13,0,361,singular,0.0003778220561798662,0.0003778220561798662,0.06005859375,0.000762939453125,0.0003528594970703125,0.0,1.5078125,1.515625,2.03125,0.10107421875
13,0,362,plural,0.002033786615356803,0.002033786615356803,0.318359375,0.333984375,0.001708984375,0.00162506103515625,1.5078125,1.515625,2.03125,0.10107421875
13,1,363,singular,0.00041416651220060885,0.00041416651220060885,0.06787109375,0.054931640625,0.0001697540283203125,0.00018215179443359375,1.5078125,1.515625,2.03125,0.10107421875
13,1,364,plural,7.629103492945433e-05,7.629103492945433e-05,0.0103759765625,0.011962890625,2.765655517578125e-05,4.100799560546875e-05,1.5078125,1.515625,2.03125,0.10107421875
13,2,365,singular,2.729855441430118e-05,2.729855441430118e-05,0.004180908203125,0.00023937225341796875,2.5153160095214844e-05,0.0,1.5078125,1.515625,2.03125,0.10107421875
13,2,366,plural,0.000663894519675523,0.000663894519675523,0.0908203125,0.0966796875,0.000904083251953125,0.000812530517578125,1.5078125,1.515625,2.03125,0.10107421875
13,3,367,singular,0.00013541258522309363,0.00013541258522309363,0.022216796875,0.0084228515625,0.00010061264038085938,1.5735626220703125e-05,1.5078125,1.515625,2.03125,0.10107421875
13,3,368,plural,0.0009832315845414996,0.0009832315845414996,0.00872802734375,0.1669921875,3.910064697265625e-05,0.00179290771484375,1.5078125,1.515625,2.03125,0.10107421875
13,4,369,singular,0.0005038899253122509,0.0005038899253122509,0.07861328125,0.00335693359375,0.000637054443359375,0.0,1.5078125,1.515625,2.03125,0.10107421875
13,4,370,plural,0.004628065042197704,0.004628065042197704,0.625,0.80078125,0.003662109375,0.00439453125,1.5078125,1.515625,2.03125,0.1005859375
13,5,371,singular,0.0008486483711749315,0.0008486483711749315,0.1220703125,8.20159912109375e-05,0.001953125,0.0,1.5078125,1.515625,2.03125,0.1005859375
13,5,372,plural,0.0006317288498394191,0.0006317288498394191,0.08251953125,0.09423828125,0.000804901123046875,0.0009765625,1.5078125,1.515625,2.03125,0.1005859375
13,6,373,singular,9.417489309271332e-06,9.417489309271332e-06,0.00146484375,4.1961669921875e-05,3.874301910400391e-06,0.0,1.5078125,1.515625,2.03125,0.1005859375
13,6,374,plural,0.001257344032637775,0.001257344032637775,0.01123046875,0.2138671875,7.915496826171875e-05,0.002410888671875,1.5078125,1.515625,2.03125,0.1005859375
13,7,375,singular,0.014170970767736435,0.014170970767736435,2.1875,2.1875,0.00159454345703125,0.00154876708984375,1.5078125,1.515625,2.03125,0.1005859375
13,7,376,plural,0.0001646144810365513,0.0001646144810365513,0.0245361328125,0.025634765625,0.00010204315185546875,0.00012493133544921875,1.5078125,1.515625,2.03125,0.1005859375
13,8,377,singular,4.31528314948082e-05,4.31528314948082e-05,0.006195068359375,0.001861572265625,3.981590270996094e-05,7.867813110351562e-06,1.5078125,1.515625,2.03125,0.1005859375
13,8,378,plural,9.536738616588991e-07,9.536738616588991e-07,8.0108642578125e-05,0.00015163421630859375,0.0,0.0,1.5078125,1.515625,2.03125,0.1005859375
13,9,379,singular,0.011053520254790783,0.011053520254790783,1.7109375,1.7109375,0.00157928466796875,0.0015411376953125,1.5078125,1.515625,2.03125,0.10107421875
13,9,380,plural,0.0015698263887315989,0.0015698263887315989,0.24609375,0.2578125,0.00286865234375,0.00286865234375,1.5078125,1.515625,2.03125,0.1005859375
13,10,381,singular,0.00037651124875992537,0.00037651124875992537,0.06005859375,0.0005950927734375,0.001007080078125,9.5367431640625e-07,1.5078125,1.515625,2.03125,0.1005859375
13,10,382,plural,4.758620262145996,4.758620262145996,154.0,154.0,0.09130859375,0.09130859375,1.5,1.53125,2.03125,0.09716796875
13,11,383,singular,0.002262415364384651,0.002262415364384651,0.322265625,0.2431640625,0.00421142578125,0.0032501220703125,1.5,1.53125,2.03125,0.0966796875
13,11,384,plural,1.4781842764932662e-05,1.4781842764932662e-05,8.731149137020111e-09,0.0023345947265625,0.0,1.9073486328125e-06,1.5,1.53125,2.03125,0.0966796875
13,12,385,singular,10.250035285949707,10.250035285949707,155.0,155.0,0.07373046875,0.07373046875,1.5078125,1.515625,2.03125,0.10009765625
13,12,386,plural,0.0007111880695447326,0.0007111880695447326,0.091796875,0.10400390625,0.00121307373046875,0.00147247314453125,1.5078125,1.515625,2.03125,0.10009765625
13,13,387,singular,0.0002225389762315899,0.0002225389762315899,0.037109375,0.001495361328125,0.00022983551025390625,3.814697265625e-06,1.5078125,1.515625,2.03125,0.10009765625
13,13,388,plural,1.9102469682693481,1.9102469682693481,132.0,132.0,0.058837890625,0.058837890625,1.5,1.5234375,2.03125,0.09814453125
13,14,389,singular,0.004413981456309557,0.004413981456309557,0.62890625,0.51171875,0.0037078857421875,0.00311279296875,1.5,1.53125,2.03125,0.09716796875
13,14,390,plural,0.0004318020073696971,0.0004318020073696971,0.06689453125,0.06689453125,2.8759241104125977e-06,3.2633543014526367e-06,1.5,1.53125,2.03125,0.09716796875
14,0,391,singular,0.004413981456309557,0.004413981456309557,0.62890625,0.51171875,0.00372314453125,0.0030975341796875,1.5,1.53125,2.03125,0.09716796875
14,0,392,plural,5.4238757002167404e-05,5.4238757002167404e-05,0.005157470703125,0.00799560546875,5.340576171875e-05,1.537799835205078e-05,1.5,1.53125,2.03125,0.09716796875
14,1,393,singular,0.002999570919200778,0.002999570919200778,0.466796875,0.08642578125,0.0033416748046875,0.00083160400390625,1.5,1.53125,2.03125,0.09716796875
14,1,394,plural,0.0004318020073696971,0.0004318020073696971,0.06689453125,0.06689453125,3.0100345611572266e-06,3.546476364135742e-06,1.5,1.53125,2.03125,0.09716796875
14,2,395,singular,0.004217064939439297,0.004217064939439297,0.69140625,0.58984375,0.005035400390625,0.004638671875,1.5,1.53125,2.03125,0.09716796875
14,2,396,plural,5.98412734689191e-05,5.98412734689191e-05,3.5762786865234375e-05,0.0101318359375,0.0,3.0994415283203125e-05,1.5,1.53125,2.03125,0.09716796875
14,3,397,singular,0.0008930747280828655,0.0008930747280828655,0.126953125,0.0791015625,0.001953125,0.00135040283203125,1.5,1.53125,2.03125,0.09716796875
14,3,398,plural,4.5060096454108134e-05,4.5060096454108134e-05,0.00408935546875,0.0067138671875,3.0517578125e-05,1.5854835510253906e-05,1.5,1.53125,2.03125,0.09716796875
14,4,399,singular,7.750432014465332,7.750432014465332,155.0,155.0,0.078125,0.078125,1.5078125,1.515625,2.03125,0.099609375
14,4,400,plural,8.511180931236595e-05,8.511180931236595e-05,0.01171875,0.0133056640625,6.151199340820312e-05,7.009506225585938e-05,1.5078125,1.515625,2.03125,0.099609375
14,5,401,singular,0.008620312437415123,0.008620312437415123,1.3359375,1.3359375,0.0004825592041015625,0.0004711151123046875,1.5078125,1.515625,2.03125,0.099609375
14,5,402,plural,0.000959531927946955,0.000959531927946955,0.1328125,0.1396484375,0.0014495849609375,0.00170135498046875,1.5078125,1.515625,2.03125,0.099609375
14,6,403,singular,1.6331539882230572e-05,1.6331539882230572e-05,0.00250244140625,0.0001125335693359375,3.075599670410156e-05,0.0,1.5078125,1.515625,2.03125,0.099609375
14,6,404,plural,0.001769644906744361,0.001769644906744361,0.27734375,0.2890625,0.00225830078125,0.0025482177734375,1.5078125,1.515625,2.03125,0.099609375
14,7,405,singular,0.0002928543253801763,0.0002928543253801763,0.047119140625,0.0004100799560546875,0.00055694580078125,0.0,1.5078125,1.515625,2.03125,0.099609375
14,7,406,plural,1.5497195136049413e-06,1.5497195136049413e-06,0.00013256072998046875,0.0002460479736328125,0.0,0.0,1.5078125,1.515625,2.03125,0.099609375
14,8,407,singular,0.00037674958002753556,0.00037674958002753556,0.06005859375,0.0005950927734375,0.000774383544921875,1.9073486328125e-06,1.5078125,1.515625,2.03125,0.099609375
14,8,408,plural,0.0002383901592111215,0.0002383901592111215,0.035888671875,0.037109375,0.00028228759765625,0.00040435791015625,1.5078125,1.515625,2.03125,0.099609375
14,9,409,singular,0.0002649671514518559,0.0002649671514518559,0.04345703125,0.033203125,0.0003185272216796875,0.000301361083984375,1.5078125,1.515625,2.03125,0.099609375
14,9,410,plural,5.006720066070557,5.006720066070557,154.0,154.0,0.08056640625,0.0810546875,1.5,1.53125,2.03125,0.0966796875
14,10,411,singular,0.00043871314846910536,0.00043871314846910536,0.06787109375,0.031494140625,0.0007476806640625,0.000278472900390625,1.5,1.53125,2.03125,0.0966796875
14,10,412,plural,9.810443589231e-05,9.810443589231e-05,6.67572021484375e-05,0.0167236328125,0.0,5.364418029785156e-05,1.5,1.53125,2.03125,0.0966796875
14,11,413,singular,0.005803876090794802,0.005803876090794802,0.96875,0.412109375,0.00732421875,0.004241943359375,1.5,1.53125,2.03125,0.09619140625
14,11,414,plural,0.00026222606538794935,0.00026222606538794935,0.04052734375,0.04052734375,2.4139881134033203e-06,2.86102294921875e-06,1.5,1.53125,2.03125,0.09619140625
14,12,415,singular,8.250262260437012,8.250262260437012,155.0,155.0,0.0732421875,0.0732421875,1.5078125,1.515625,2.03125,0.09912109375
14,12,416,plural,0.004628065042197704,0.004628065042197704,0.625,0.80078125,0.00341796875,0.00445556640625,1.5078125,1.515625,2.03125,0.09912109375
14,13,417,singular,4.31528314948082e-05,4.31528314948082e-05,0.006195068359375,0.001861572265625,3.4332275390625e-05,7.62939453125e-06,1.5078125,1.515625,2.03125,0.09912109375
14,13,418,plural,0.0014079429674893618,0.0014079429674893618,0.21875,0.2314453125,0.00183868408203125,0.002044677734375,1.5078125,1.515625,2.03125,0.09912109375
14,14,419,singular,0.0008485292200930417,0.0008485292200930417,0.1220703125,7.2479248046875e-05,0.002197265625,0.0,1.5078125,1.515625,2.03125,0.09912109375
14,14,420,plural,0.00014125302550382912,0.00014125302550382912,7.82310962677002e-07,0.0223388671875,0.0,0.0004138946533203125,1.5078125,1.515625,2.03125,0.09912109375
15,0,421,singular,0.0001070442158379592,0.0001070442158379592,0.0152587890625,0.00445556640625,5.14984130859375e-05,1.5735626220703125e-05,1.5078125,1.515625,2.03125,0.09912109375
15,0,422,plural,0.0006317288498394191,0.0006317288498394191,0.08251953125,0.09423828125,0.0010528564453125,0.00153350830078125,1.5078125,1.515625,2.03125,0.09912109375
15,1,423,singular,0.00013541258522309363,0.00013541258522309363,0.022216796875,0.0084228515625,0.00014495849609375,8.761882781982422e-06,1.5078125,1.515625,2.03125,0.09912109375
15,1,424,plural,3.773254871368408,3.773254871368408,152.0,152.0,0.07568359375,0.07568359375,1.5,1.53125,2.03125,0.09619140625
15,2,425,singular,0.003963948227465153,0.003963948227465153,0.6328125,0.068359375,0.004638671875,0.00067138671875,1.5,1.53125,2.03125,0.09619140625
15,2,426,plural,5.006664650863968e-05,5.006664650863968e-05,0.00457763671875,0.00732421875,7.62939453125e-05,0.0002460479736328125,1.5,1.53125,2.03125,0.09619140625
15,3,427,singular,8.75015926361084,8.75015926361084,155.0,155.0,0.06640625,0.06640625,1.5078125,1.515625,2.03125,0.09912109375
15,3,428,plural,0.0032772899139672518,0.0032772899139672518,0.4296875,0.56640625,0.0025634765625,0.0034332275390625,1.5078125,1.515625,2.03125,0.09912109375
15,4,429,singular,0.0010896942112594843,0.0010896942112594843,0.1572265625,0.0001354217529296875,0.0023040771484375,0.0,1.5078125,1.515625,2.03125,0.09912109375
15,4,430,plural,2.3502254486083984,2.3502254486083984,141.0,141.0,0.057861328125,0.057861328125,1.5,1.5234375,2.03125,0.09716796875
15,5,431,singular,0.002590159885585308,0.002590159885585308,0.404296875,0.06689453125,0.002532958984375,0.000492095947265625,1.5,1.5234375,2.03125,0.09716796875
15,5,432,plural,4.172316494077677e-06,4.172316494077677e-06,0.00051116943359375,0.00064849853515625,0.0,0.0,1.5,1.5234375,2.03125,0.09716796875
15,6,433,singular,0.002981505123898387,0.002981505123898387,0.4765625,0.036865234375,0.0034332275390625,0.0003948211669921875,1.5,1.5234375,2.03125,0.09716796875
15,6,434,plural,9.822363062994555e-05,9.822363062994555e-05,8.535385131835938e-05,0.0167236328125,0.0,3.838539123535156e-05,1.5,1.5234375,2.03125,0.09716796875
15,7,435,singular,0.003055786481127143,0.003055786481127143,0.5078125,0.171875,0.00396728515625,0.00183868408203125,1.5,1.5234375,2.03125,0.0966796875
15,7,436,plural,0.0,0.0,6.109476089477539e-07,0.0,0.0,0.0,1.5,1.5234375,2.03125,0.0966796875
15,8,437,singular,0.0006957017467357218,0.0006957017467357218,0.09912109375,0.0615234375,0.0016021728515625,0.00171661376953125,1.5,1.5234375,2.03125,0.0966796875
15,8,438,plural,5.98412734689191e-05,5.98412734689191e-05,4.0531158447265625e-05,0.0101318359375,0.0,3.075599670410156e-05,1.5,1.5234375,2.03125,0.0966796875
15,9,439,singular,7.250711441040039,7.250711441040039,155.0,155.0,0.07080078125,0.0712890625,1.5078125,1.515625,2.03125,0.0986328125
15,9,440,plural,0.0015843469882383943,0.0015843469882383943,0.2470703125,0.259765625,0.0020751953125,0.0026092529296875,1.5078125,1.515625,2.03125,0.0986328125
15,10,441,singular,7.390948667307384e-06,7.390948667307384e-06,0.0011444091796875,3.266334533691406e-05,0.0,0.0,1.5078125,1.515625,2.03125,0.0986328125
15,10,442,plural,0.000663894519675523,0.000663894519675523,0.0908203125,0.0966796875,0.00110626220703125,0.00168609619140625,1.5078125,1.515625,2.03125,0.0986328125
15,11,443,singular,3.242440288886428e-05,3.242440288886428e-05,0.004638671875,0.00128173828125,3.075599670410156e-05,1.52587890625e-05,1.5078125,1.515625,2.03125,0.0986328125
15,11,444,plural,4.264171123504639,4.264171123504639,153.0,153.0,0.06689453125,0.06689453125,1.5,1.5234375,2.03125,0.09716796875
15,12,445,singular,6.751172065734863,6.751172065734863,155.0,155.0,0.05859375,0.058837890625,1.5078125,1.515625,2.03125,0.0986328125
15,12,446,plural,4.1483970562694594e-05,4.1483970562694594e-05,0.005523681640625,0.006500244140625,6.103515625e-05,5.340576171875e-05,1.5078125,1.515625,2.03125,0.0986328125
15,13,447,singular,2.777537883957848e-05,2.777537883957848e-05,0.004241943359375,0.0003070831298828125,9.1552734375e-05,0.0,1.5078125,1.515625,2.03125,0.0986328125
15,13,448,plural,0.0009640575153753161,0.0009640575153753161,0.1494140625,0.158203125,0.0013427734375,0.0015106201171875,1.5078125,1.515625,2.03125,0.0986328125
15,14,449,singular,0.0005093707586638629,0.0005093707586638629,0.083984375,0.07080078125,0.000644683837890625,0.000568389892578125,1.5078125,1.515625,2.03125,0.0986328125
15,14,450,plural,0.00011002412065863609,0.00011002412065863609,5.401670932769775e-07,0.0174560546875,0.0,0.00055694580078125,1.5078125,1.515625,2.03125,0.0986328125
16,0,451,singular,0.000377583724912256,0.000377583724912256,0.060546875,0.00077056884765625,0.000675201416015625,0.0,1.5078125,1.515625,2.03125,0.0986328125
16,0,452,plural,0.0009678685455583036,0.0009678685455583036,0.0068359375,0.1650390625,4.315376281738281e-05,0.001922607421875,1.5078125,1.515625,2.03125,0.0986328125
16,1,453,singular,0.03805346414446831,0.03805346414446831,5.8125,5.8125,0.0034637451171875,0.003509521484375,1.5078125,1.515625,2.03125,0.0986328125
16,1,454,plural,0.0014079429674893618,0.0014079429674893618,0.21875,0.2314453125,0.0024871826171875,0.002777099609375,1.5078125,1.515625,2.03125,0.0986328125
16,2,455,singular,6.890059739816934e-05,6.890059739816934e-05,0.00982666015625,0.00238037109375,0.00025177001953125,1.52587890625e-05,1.5078125,1.515625,2.03125,0.0986328125
16,2,456,plural,3.5297625064849854,3.5297625064849854,150.0,150.0,0.06982421875,0.06982421875,1.5,1.53125,2.03125,0.095703125
16,3,457,singular,7.750432014465332,7.750432014465332,155.0,155.0,0.0625,0.0625,1.5078125,1.515625,2.03125,0.09814453125
16,3,458,plural,0.00010096516780322418,0.00010096516780322418,0.01495361328125,0.015625,0.000164031982421875,0.000274658203125,1.5078125,1.515625,2.03125,0.09814453125
16,4,459,singular,0.0006547214579768479,0.0006547214579768479,0.1025390625,0.005523681640625,0.00099945068359375,1.52587890625e-05,1.5078125,1.515625,2.03125,0.09814453125
16,4,460,plural,0.0004413345886860043,0.0004413345886860043,0.056396484375,0.0654296875,0.0013427734375,0.00171661376953125,1.5078125,1.515625,2.03125,0.09814453125
16,5,461,singular,3.635817120084539e-05,3.635817120084539e-05,0.00555419921875,0.0005035400390625,0.00016689300537109375,0.0,1.5078125,1.515625,2.03125,0.09814453125
16,5,462,plural,2.3502254486083984,2.3502254486083984,141.0,141.0,0.058837890625,0.058837890625,1.5,1.53125,2.03125,0.09619140625
16,6,463,singular,0.0028199690859764814,0.0028199690859764814,0.404296875,0.3125,0.0030517578125,0.002685546875,1.5,1.53125,2.03125,0.095703125
16,6,464,plural,0.0007114263135008514,0.0007114263135008514,0.1103515625,0.1103515625,7.0035457611083984e-06,8.225440979003906e-06,1.5,1.53125,2.03125,0.095703125
16,7,465,singular,0.0030145461205393076,0.0030145461205393076,0.478515625,0.041748046875,0.003875732421875,0.0004215240478515625,1.5,1.53125,2.03125,0.095703125
16,7,466,plural,2.8490614567999728e-05,2.8490614567999728e-05,0.003509521484375,0.004669189453125,3.0517578125e-05,3.4332275390625e-05,1.5,1.53125,2.03125,0.095703125
16,8,467,singular,0.005540728569030762,0.005540728569030762,0.796875,0.0034942626953125,0.0069580078125,0.000244140625,1.5078125,1.53125,2.03125,0.09521484375
16,8,468,plural,0.00046075694262981415,0.00046075694262981415,0.040283203125,0.08056640625,0.000274658203125,0.001129150390625,1.5078125,1.53125,2.03125,0.09521484375
16,9,469,singular,0.0009334497735835612,0.0009334497735835612,0.1337890625,0.1015625,0.001708984375,0.0021514892578125,1.5078125,1.53125,2.03125,0.09521484375
16,9,470,plural,8.248942322097719e-05,8.248942322097719e-05,0.008544921875,0.0120849609375,3.075599670410156e-05,0.000507354736328125,1.5078125,1.53125,2.03125,0.09521484375
16,10,471,singular,7.250711441040039,7.250711441040039,155.0,155.0,0.07275390625,0.07275390625,1.515625,1.515625,2.03125,0.09716796875
16,10,472,plural,1.0728830375228426e-06,1.0728830375228426e-06,0.00010347366333007812,0.00017070770263671875,0.0,9.5367431640625e-07,1.515625,1.515625,2.03125,0.09716796875
16,11,473,singular,6.210611172718927e-05,6.210611172718927e-05,0.0103759765625,0.00015735626220703125,3.0517578125e-05,9.5367431640625e-07,1.515625,1.515625,2.03125,0.09716796875
16,11,474,plural,0.0009832315845414996,0.0009832315845414996,0.00872802734375,0.1669921875,0.0001220703125,0.0027618408203125,1.515625,1.515625,2.03125,0.09716796875
16,12,475,singular,7.390948667307384e-06,7.390948667307384e-06,0.0011444091796875,2.872943878173828e-05,1.1920928955078125e-07,0.0,1.515625,1.515625,2.03125,0.09716796875
16,12,476,plural,0.0007472821744158864,0.0007472821744158864,0.10302734375,0.10888671875,0.00103759765625,0.0023040771484375,1.515625,1.515625,2.03125,0.09716796875
16,13,477,singular,0.00029202012228779495,0.00029202012228779495,0.0478515625,0.037841796875,0.000507354736328125,0.000560760498046875,1.515625,1.515625,2.03125,0.09716796875
16,13,478,plural,0.00014125302550382912,0.00014125302550382912,8.828938007354736e-07,0.0223388671875,0.0,0.000659942626953125,1.515625,1.515625,2.03125,0.09716796875
16,14,479,singular,7.83174327807501e-05,7.83174327807501e-05,0.0128173828125,0.0045166015625,0.00012302398681640625,3.814697265625e-06,1.515625,1.515625,2.03125,0.09716796875
16,14,480,plural,9.512448741588742e-05,9.512448741588742e-05,0.0133056640625,0.01483154296875,0.000125885009765625,0.0003910064697265625,1.515625,1.515625,2.03125,0.09716796875
17,0,481,singular,0.0002935693773906678,0.0002935693773906678,0.046875,0.0004634857177734375,0.000659942626953125,3.814697265625e-06,1.515625,1.515625,2.03125,0.09716796875
17,0,482,plural,0.0009832315845414996,0.0009832315845414996,0.00872802734375,0.1669921875,0.000125885009765625,0.003387451171875,1.515625,1.515625,2.03125,0.09716796875
17,1,483,singular,0.008620312437415123,0.008620312437415123,1.3359375,1.3359375,0.000583648681640625,0.000579833984375,1.515625,1.515625,2.03125,0.09716796875
17,1,484,plural,0.0012660353677347302,0.0012660353677347302,0.01275634765625,0.2158203125,0.00015544891357421875,0.0033416748046875,1.515625,1.515625,2.03125,0.09716796875
17,2,485,singular,0.0002928543253801763,0.0002928543253801763,0.047119140625,0.0004100799560546875,0.000759124755859375,1.9073486328125e-06,1.515625,1.515625,2.03125,0.09716796875
17,2,486,plural,4.758620262145996,4.758620262145996,154.0,154.0,0.08544921875,0.08544921875,1.5,1.53125,2.046875,0.09423828125
17,3,487,singular,0.0006376855308189988,0.0006376855308189988,0.0986328125,0.052001953125,0.00125885009765625,0.000743865966796875,1.5,1.53125,2.046875,0.09423828125
17,3,488,plural,1.7046782886609435e-05,1.7046782886609435e-05,0.0018768310546875,0.0027923583984375,2.384185791015625e-07,3.4332275390625e-05,1.5,1.53125,2.046875,0.09423828125
17,4,489,singular,0.008343600668013096,0.008343600668013096,1.390625,0.6796875,0.009033203125,0.0064697265625,1.5,1.53125,2.046875,0.09423828125
17,4,490,plural,1.0728830375228426e-06,1.0728830375228426e-06,6.961822509765625e-05,0.0001678466796875,0.0,0.0,1.5,1.53125,2.046875,0.09423828125
17,5,491,singular,0.00628873985260725,0.00628873985260725,0.90234375,0.0057373046875,0.007293701171875,0.0002460479736328125,1.5078125,1.53125,2.046875,0.09375
17,5,492,plural,4.589452510117553e-05,4.589452510117553e-05,0.00457763671875,0.0067138671875,3.6507844924926758e-06,0.0002460479736328125,1.5078125,1.53125,2.046875,0.09375
17,6,493,singular,0.0016125545371323824,0.0016125545371323824,0.23046875,0.1904296875,0.0025634765625,0.003326416015625,1.5078125,1.53125,2.046875,0.09375
17,6,494,plural,2.7418097943154862e-06,2.7418097943154862e-06,0.000308990478515625,0.000415802001953125,0.0,0.0,1.5078125,1.53125,2.046875,0.09375
17,7,495,singular,0.0009563163621351123,0.0009563163621351123,0.1474609375,0.0849609375,0.00167083740234375,0.00194549560546875,1.5078125,1.53125,2.046875,0.09375
17,7,496,plural,0.0,0.0,3.725290298461914e-07,0.0,0.0,0.0,1.5078125,1.53125,2.046875,0.09375
17,8,497,singular,0.004695223644375801,0.004695223644375801,0.765625,0.6640625,0.005767822265625,0.006378173828125,1.5078125,1.53125,2.046875,0.09326171875
17,8,498,plural,1.168244216387393e-05,1.168244216387393e-05,0.0011444091796875,0.00170135498046875,4.76837158203125e-07,1.3336539268493652e-06,1.5078125,1.53125,2.046875,0.09326171875
17,9,499,singular,0.00431843614205718,0.00431843614205718,0.61328125,0.51171875,0.005218505859375,0.005096435546875,1.5078125,1.53125,2.046875,0.0927734375
17,9,500,plural,9.679325739853084e-05,9.679325739853084e-05,0.01495361328125,0.0150146484375,9.760260581970215e-07,1.3560056686401367e-06,1.5078125,1.53125,2.046875,0.0927734375
17,10,501,singular,0.0026473496109247208,0.0026473496109247208,0.412109375,0.07568359375,0.0034942626953125,0.000713348388671875,1.5078125,1.53125,2.046875,0.09326171875
17,10,502,plural,4.875540980719961e-05,4.875540980719961e-05,0.004669189453125,0.007232666015625,4.1425228118896484e-06,0.0002460479736328125,1.5078125,1.53125,2.046875,0.09326171875
17,11,503,singular,9.250096321105957,9.250096321105957,155.0,155.0,0.0888671875,0.08935546875,1.515625,1.515625,2.03125,0.09619140625
17,11,504,plural,5.255238056182861,5.255238056182861,155.0,155.0,0.0673828125,0.0673828125,1.5078125,1.5234375,2.046875,0.0947265625
17,12,505,singular,5.753181457519531,5.753181457519531,155.0,155.0,0.05859375,0.05859375,1.515625,1.515625,2.046875,0.09619140625
17,12,506,plural,0.0056471810676157475,0.0056471810676157475,0.80078125,0.984375,0.00341796875,0.004547119140625,1.515625,1.515625,2.046875,0.09619140625
17,13,507,singular,3.0040289857424796e-05,3.0040289857424796e-05,0.004302978515625,0.000774383544921875,2.130866050720215e-06,0.0,1.515625,1.515625,2.046875,0.09619140625
17,13,508,plural,0.0017841625958681107,0.0017841625958681107,0.279296875,0.29296875,0.00186920166015625,0.0020599365234375,1.515625,1.515625,2.046875,0.09619140625
17,14,509,singular,0.00032264748006127775,0.00032264748006127775,0.052734375,0.042724609375,0.00018596649169921875,1.3768672943115234e-05,1.515625,1.515625,2.046875,0.09619140625
17,14,510,plural,0.00014125302550382912,0.00014125302550382912,8.828938007354736e-07,0.0223388671875,0.0,0.0002765655517578125,1.515625,1.515625,2.046875,0.09619140625
18,0,511,singular,3.0040289857424796e-05,3.0040289857424796e-05,0.004302978515625,0.000774383544921875,2.1457672119140625e-06,0.0,1.515625,1.515625,2.046875,0.09619140625
18,0,512,plural,4.01815938949585,4.01815938949585,152.0,152.0,0.0654296875,0.0654296875,1.5078125,1.53125,2.046875,0.09375
18,1,513,singular,0.001778450678102672,0.001778450678102672,0.28515625,0.0174560546875,0.0020294189453125,3.1948089599609375e-05,1.5078125,1.53125,2.046875,0.09375
18,1,514,plural,0.0011722128838300705,0.0011722128838300705,0.181640625,0.1826171875,7.62939453125e-06,1.0073184967041016e-05,1.5078125,1.53125,2.046875,0.09375
18,2,515,singular,0.00025733973598107696,0.00025733973598107696,0.03955078125,0.0167236328125,0.00031280517578125,0.000492095947265625,1.5078125,1.53125,2.046875,0.09375
18,2,516,plural,7.402622577501461e-05,7.402622577501461e-05,0.007659912109375,0.010986328125,6.151199340820312e-05,0.0002460479736328125,1.5078125,1.53125,2.046875,0.09375
18,3,517,singular,0.0018774517811834812,0.0018774517811834812,0.30859375,0.24609375,0.002410888671875,0.0022125244140625,1.5078125,1.53125,2.046875,0.09375
18,3,518,plural,0.0,0.0,1.1473894119262695e-06,0.0,0.0,0.0,1.5078125,1.53125,2.046875,0.09375
18,4,519,singular,0.001746439840644598,0.001746439840644598,0.2734375,0.040771484375,0.0020904541015625,0.00038909912109375,1.5078125,1.53125,2.046875,0.09375
18,4,520,plural,4.458328112377785e-05,4.458328112377785e-05,0.005767822265625,0.007293701171875,4.26173210144043e-06,3.075599670410156e-05,1.5078125,1.53125,2.046875,0.09375
18,5,521,singular,6.751172065734863,6.751172065734863,155.0,155.0,0.0732421875,0.0732421875,1.515625,1.515625,2.046875,0.095703125
18,5,522,plural,0.0025808855425566435,0.0025808855425566435,0.40625,0.423828125,0.0030364990234375,0.0033416748046875,1.515625,1.515625,2.046875,0.095703125
18,6,523,singular,0.00022849810193292797,0.00022849810193292797,0.036376953125,0.0003185272216796875,0.00028228759765625,0.0,1.515625,1.515625,2.046875,0.095703125
18,6,524,plural,0.0012181727215647697,0.0012181727215647697,0.169921875,0.177734375,0.0018310546875,0.0024261474609375,1.515625,1.515625,2.046875,0.095703125
18,7,525,singular,0.00020632999076042324,0.00020632999076042324,0.03369140625,0.02587890625,0.00018596649169921875,1.0788440704345703e-05,1.515625,1.515625,2.046875,0.095703125
18,7,526,plural,0.0009832315845414996,0.0009832315845414996,0.00872802734375,0.1669921875,5.5730342864990234e-06,0.002227783203125,1.515625,1.515625,2.046875,0.095703125
18,8,527,singular,4.815939246327616e-05,4.815939246327616e-05,0.008056640625,9.5367431640625e-05,1.5854835510253906e-05,0.0,1.515625,1.515625,2.046875,0.095703125
18,8,528,plural,0.0016525434330105782,0.0016525434330105782,0.0208740234375,0.28125,0.0001125335693359375,0.00286865234375,1.515625,1.515625,2.046875,0.095703125
18,9,529,singular,0.005238260142505169,0.005238260142505169,0.8125,0.8125,0.00020599365234375,0.00020885467529296875,1.515625,1.515625,2.046875,0.095703125
18,9,530,plural,0.00709087960422039,0.00709087960422039,1.0234375,1.234375,0.0059814453125,0.006622314453125,1.515625,1.515625,2.046875,0.09521484375
18,10,531,singular,5.722029527532868e-06,5.722029527532868e-06,0.00087738037109375,1.9788742065429688e-05,1.8812716007232666e-07,0.0,1.515625,1.515625,2.046875,0.09521484375
18,10,532,plural,0.00010632903286023065,0.00010632903286023065,0.01507568359375,0.0166015625,6.914138793945312e-05,5.745887756347656e-05,1.515625,1.515625,2.046875,0.09521484375
18,11,533,singular,4.482168878894299e-05,4.482168878894299e-05,0.00640869140625,0.00128173828125,1.633167266845703e-05,9.5367431640625e-07,1.515625,1.515625,2.046875,0.09521484375
18,11,534,plural,0.00030393750057555735,0.00030393750057555735,0.0458984375,0.047119140625,0.00057220458984375,0.000576019287109375,1.515625,1.515625,2.046875,0.09521484375
18,12,535,singular,0.0003121604095213115,0.0003121604095213115,0.045166015625,1.8358230590820312e-05,0.0010223388671875,0.0,1.515625,1.515625,2.046875,0.09521484375
18,12,536,plural,0.00014125302550382912,0.00014125302550382912,1.1399388313293457e-06,0.0223388671875,0.0,0.0004787445068359375,1.515625,1.515625,2.046875,0.09521484375
18,13,537,singular,0.005238260142505169,0.005238260142505169,0.8125,0.8125,0.000492095947265625,0.000492095947265625,1.515625,1.515625,2.046875,0.09521484375
18,13,538,plural,5.255238056182861,5.255238056182861,155.0,155.0,0.087890625,0.087890625,1.5078125,1.53125,2.046875,0.09228515625
18,14,539,singular,0.001134943449869752,0.001134943449869752,0.1630859375,0.130859375,0.0023956298828125,0.001983642578125,1.5078125,1.53125,2.046875,0.09228515625
18,14,540,plural,5.8887653722194955e-05,5.8887653722194955e-05,0.005859375,0.00860595703125,0.0001220703125,0.000244140625,1.5078125,1.53125,2.046875,0.09228515625
19,0,541,singular,0.004217064939439297,0.004217064939439297,0.69140625,0.58984375,0.005157470703125,0.0047607421875,1.5078125,1.53125,2.046875,0.091796875
19,0,542,plural,1.2755313036905136e-05,1.2755313036905136e-05,0.0012969970703125,0.00185394287109375,4.302710294723511e-07,1.52587890625e-05,1.5078125,1.53125,2.046875,0.091796875
19,1,543,singular,0.0034393463283777237,0.0034393463283777237,0.490234375,0.400390625,0.0037689208984375,0.0030517578125,1.5078125,1.53125,2.046875,0.091796875
19,1,544,plural,9.679325739853084e-05,9.679325739853084e-05,0.01495361328125,0.0150146484375,9.5367431640625e-07,8.605420589447021e-07,1.5078125,1.53125,2.046875,0.091796875
19,2,545,singular,0.0030467540491372347,0.0030467540491372347,0.486328125,0.04736328125,0.004669189453125,0.000553131103515625,1.5078125,1.53125,2.046875,0.091796875
19,2,546,plural,2.9802276912960224e-06,2.9802276912960224e-06,0.0003509521484375,0.000453948974609375,0.0,0.0,1.5078125,1.53125,2.046875,0.091796875
19,3,547,singular,9.250096321105957,9.250096321105957,155.0,155.0,0.0810546875,0.0810546875,1.515625,1.515625,2.046875,0.0947265625
19,3,548,plural,1.1920922133867862e-06,1.1920922133867862e-06,0.00011682510375976562,0.00018978118896484375,0.0,0.0,1.515625,1.515625,2.046875,0.0947265625
19,4,549,singular,0.0004009396652691066,0.0004009396652691066,0.057861328125,2.6702880859375e-05,0.00153350830078125,0.0,1.515625,1.515625,2.046875,0.0947265625
19,4,550,plural,0.00014125302550382912,0.00014125302550382912,1.0058283805847168e-06,0.0223388671875,0.0,0.000583648681640625,1.515625,1.515625,2.046875,0.0947265625
19,5,551,singular,0.014170970767736435,0.014170970767736435,2.1875,2.1875,0.00128936767578125,0.001251220703125,1.515625,1.515625,2.046875,0.0947265625
19,5,552,plural,0.0017841625958681107,0.0017841625958681107,0.279296875,0.29296875,0.0025482177734375,0.0028228759765625,1.515625,1.515625,2.046875,0.0947265625
19,6,553,singular,0.00030393750057555735,0.00030393750057555735,0.04736328125,0.00179290771484375,0.000507354736328125,0.0,1.515625,1.515625,2.046875,0.0947265625
19,6,554,plural,7.390703103737906e-05,7.390703103737906e-05,0.0103759765625,0.01153564453125,0.00012302398681640625,0.000263214111328125,1.515625,1.515625,2.046875,0.0947265625
19,7,555,singular,0.00025138078490272164,0.00025138078490272164,0.041259765625,0.033203125,0.00028228759765625,0.0002880096435546875,1.515625,1.515625,2.046875,0.0947265625
19,7,556,plural,0.000990257947705686,0.000990257947705686,0.1357421875,0.1474609375,0.0022735595703125,0.002716064453125,1.515625,1.515625,2.046875,0.0947265625
19,8,557,singular,1.2993727978027891e-05,1.2993727978027891e-05,0.0019989013671875,9.965896606445312e-05,6.103515625e-05,0.0,1.515625,1.515625,2.046875,0.0947265625
19,8,558,plural,0.0012660353677347302,0.0012660353677347302,0.01275634765625,0.2158203125,0.0001125335693359375,0.0029296875,1.515625,1.5234375,2.046875,0.09423828125
19,9,559,singular,0.014170970767736435,0.014170970767736435,2.1875,2.1875,0.00156402587890625,0.00153350830078125,1.515625,1.5234375,2.046875,0.09423828125
19,9,560,plural,0.0007570500019937754,0.0007570500019937754,0.00531005859375,0.1279296875,5.930662155151367e-06,0.0025634765625,1.515625,1.5234375,2.046875,0.09423828125
19,10,561,singular,1.8715683836489916e-05,1.8715683836489916e-05,0.002685546875,0.000606536865234375,1.5616416931152344e-05,2.9802322387695312e-08,1.515625,1.5234375,2.046875,0.09423828125
19,10,562,plural,0.0056471810676157475,0.0056471810676157475,0.80078125,0.984375,0.006439208984375,0.0072021484375,1.515625,1.5234375,2.046875,0.09375
19,11,563,singular,3.0040289857424796e-05,3.0040289857424796e-05,0.004302978515625,0.000774383544921875,6.151199340820312e-05,9.5367431640625e-07,1.515625,1.5234375,2.046875,0.09375
19,11,564,plural,0.0013785392511636019,0.0013785392511636019,0.216796875,0.2255859375,0.0023956298828125,0.00244140625,1.515625,1.5234375,2.046875,0.09375
19,12,565,singular,0.00022909401741344482,0.00022909401741344482,0.036376953125,0.000408172607421875,0.000499725341796875,0.0,1.515625,1.5234375,2.046875,0.09375
19,12,566,plural,4.264171123504639,4.264171123504639,153.0,153.0,0.08984375,0.08984375,1.5078125,1.53125,2.046875,0.09033203125
19,13,567,singular,0.0007902836659923196,0.0007902836659923196,0.12255859375,0.07568359375,0.00127410888671875,0.00079345703125,1.5078125,1.53125,2.046875,0.09033203125
19,13,568,plural,3.302042750874534e-05,3.302042750874534e-05,0.003143310546875,0.00482177734375,6.103515625e-05,7.748603820800781e-06,1.5078125,1.53125,2.046875,0.09033203125
19,14,569,singular,0.007401308044791222,0.007401308044791222,1.234375,0.6796875,0.00872802734375,0.0059814453125,1.5078125,1.53125,2.046875,0.09033203125
19,14,570,plural,3.564294092939235e-05,3.564294092939235e-05,0.0054931640625,0.00555419921875,1.1920928955078125e-07,1.1920928955078125e-07,1.5078125,1.53125,2.046875,0.09033203125
